CIPLA,GAIL,HDFC,INFY,ITC,M&M,MARUTI,RELIANCE,TCS,TITAN,DHFL,IDBI,PNB,VOLTAS,SUNTV,TATA POWER,NBCC,MRPL,IGL,RELINFRA,SUZLON,RAYMOND,PVR,ASHOKA,BAJAJELEC,VENKEYS,CENTURYPLY,BOMDYEING,LEMONTREE,SONATSOFTW
569,414,1559.5,951.55,277.95,1375.65,6823.9,1344.1,2365.1,483.65,431.4,75.05,166.8,431.85,912.2,83.55,197.6,134.2,1000.25,605.4,19.6,772.8,1524.95,216.05,341.15,1169.7,266.65,82.2,71.65,162.65
565.6,411.4,1566.55,955,283.45,1366.35,6953.95,1356.3,2429.15,488.3,424.45,76.65,174.15,432.45,894.7,83.85,198.25,131.7,1005.8,611.05,19.7,785,1539,214.9,347,1177,266.1,83.4,66.85,158.6
562.35,408.3,1552.5,952.8,281.65,1378.8,6958.2,1353.1,2455.35,481.75,429,75.95,165.05,430.2,887.05,85.35,200.35,135.1,1019.1,605.25,19.9,783.65,1530.3,217,349.85,1188,264.85,82.25,66.95,158.25
560.1,404.75,1537.05,961.75,277.9,1352.85,6831.05,1327.35,2536.2,471.65,417.95,69.95,158.5,414.1,871.35,83.75,194.2,136.1,1002.55,578.65,20,746.95,1515.05,209.65,334.1,1156.9,260.35,78.95,66.4,157.4
564.95,401.05,1520.6,957.95,286.2,1333.4,6790.55,1318.85,2507.15,471.15,404.2,68.75,155.2,415.75,852.4,84.15,193.55,133.6,1000.15,569.55,20.6,723.1,1513.55,206.25,336.2,1161.65,254.05,77.15,67.7,151.9
563.1,390.2,1519.85,961.45,303.6,1306.25,6701.7,1324.15,2531.35,481.4,404,66.2,150.95,415.65,844.85,82.05,189.2,129.25,987.2,555.25,20.4,715.95,1481,201.6,313.25,1219.7,255.5,74,67.25,150.45
533.2,380.35,1511.5,957.3,300.15,1331.75,6878.85,1305.55,2521.7,478.35,402,64.9,149.75,409.85,813.5,80.5,180.95,124.7,981.45,526.25,19.75,699.55,1496.45,197.65,315.55,1187.8,247.95,70.45,68.5,146.05
519.65,390.65,1524.85,954.8,299.9,1308.65,6869.65,1297.7,2559.15,469.2,395.55,61,147.45,446.5,783.3,80.25,180.65,123.3,982.65,493.7,18.85,662.25,1450,196,327.95,1144.9,241.05,66.95,68.05,146
504,401,1539.75,983.3,300.05,1327.5,6985.7,1302.45,2624.6,463.9,405.5,61.7,150.7,474.75,792.55,80.4,186.95,130.15,984.45,497.15,19.35,678.3,1461.15,199.55,346.2,1181.85,252.65,69.85,71.85,149.65
488.9,401.75,1547.9,995.7,309.1,1340.85,7064.8,1337.3,2578.25,473.45,410.65,62.65,150.65,498.5,808.9,81.05,194.7,134.35,1026.05,508.5,19.8,721.15,1471.5,199.9,359.45,1240.9,259.65,73,83.7,149.65
505.35,401.15,1598.85,985.15,315.85,1360.05,7134.45,1356.9,2572.85,470.65,410.95,60.15,145.1,484.6,781.45,81.15,194.9,128.95,1026.05,451.95,19.15,695.5,1472.85,200.05,348.7,1241.9,259.45,70.5,83.95,148.6
510.5,405.45,1579.5,996.2,311.45,1361.1,7147.5,1359.35,2551.1,469.8,412.15,60.75,146.35,485.6,797.8,82.4,196.1,129.15,1059.8,462,19.15,695.45,1447.9,194.9,342.85,1212.3,258,71.8,81.65,149.8
516.35,414,1569.85,977.05,311.8,1416.95,7211,1340.7,2546.6,474.9,416.65,60,150.5,486.35,798,81,194.95,131.15,1074.35,478.9,19.3,694.2,1454.95,190.35,342.05,1213.35,264.4,71.35,75.65,148.95
515.55,410.35,1583.75,971.4,314.2,1425.25,7146.6,1328.25,2553.6,470.7,416.9,60.75,151.9,508.85,803.7,80.7,193.45,134.85,1063.9,479.6,19.5,693.9,1455.7,187.5,341.45,1252.65,273.4,70.95,73.1,153.05
530.05,402.35,1604.65,969.45,319.2,1418.5,7114.7,1324.75,2564.9,471.75,414.25,60.95,153.05,500.45,834.35,81.05,195.65,132.9,1088.35,484.05,19.75,702.65,1457.8,190.25,352.15,1244.1,274.15,69.95,75.35,159.35
534.8,398,1606.15,958.75,317.45,1423.7,7125.7,1329.35,2603.95,551.85,430.75,60.75,153.8,494.95,839.95,81,201.15,131.85,1085.25,492.3,19.85,751.25,1442.25,192,357.6,1244.35,281.5,76.65,75.55,162.9
534.65,398.9,1605.75,979.35,311.05,1411.45,7112.1,1312.8,2696,527.15,424.6,59.85,149.5,487,813.9,79.6,202.25,128.45,1116.75,480.15,19.35,728.45,1392.85,187.6,357.65,1253.45,282.1,77.65,78.4,164.1
540.2,402.6,1599.35,961.3,312.25,1431.9,7205.7,1339,2615.25,536.2,431.45,60.2,152.35,483.25,825.3,80,200.9,129.15,1106.2,488.6,19.35,729.05,1400.7,186.15,357.9,1403.65,290.95,81.3,79,160.75
550.15,388.6,1633.55,956.45,311.6,1417.5,7249.5,1331.7,2521.6,529.1,434.45,59.4,151.3,487.65,818.65,79.05,198.4,129.05,1095.95,480.95,19.15,733.5,1454,186.25,356.5,1427.25,290.6,84.1,77.2,158.45
551.1,381.15,1647.2,948.6,306,1426.7,7464.85,1335.7,2507,525.45,435.7,59.9,152.15,492.35,795.7,77.8,198.55,129.55,1098.7,473.95,19.2,732.1,1472.25,185.05,350,1414.45,299.6,83.4,73.2,160.4
553.35,381.4,1647.5,963.85,304.4,1423.55,7373.65,1319.45,2487.2,515.8,428.35,58.3,148.4,486.55,808.6,78.9,198.6,129.2,1073.55,471.85,19,717.7,1488.95,189.8,348.45,1392.7,306.05,82.05,72.9,156.3
551.55,381.7,1667.65,957.8,305.25,1417.65,7348.95,1314.35,2451.55,520.55,440.1,57.4,148.75,491.55,813,78.1,198.85,127.95,1090.95,470.2,18.95,730.85,1496.3,192.25,343.5,1387.95,299.4,81.3,72.4,154.15
539.9,381.05,1651.1,958.6,299.85,1405.2,7351.05,1357.5,2470.2,521.9,446.4,60.05,152,491.45,826.95,77.55,198.75,127.95,1073.6,473.95,18.75,721.6,1522.5,190.65,349.3,1385.9,308.35,83.4,71.55,152.7
549.45,376.6,1636.85,952.1,301.9,1387.65,7312.3,1383.95,2411.2,517.65,463.25,59.45,147.45,494.4,824.75,77.1,197.7,127.95,1063.5,475.85,18.95,729.9,1523.5,190.55,345.6,1459.65,303.2,82.5,69.3,150.5
536.75,378.35,1640.85,940.25,306.8,1387.3,7263.9,1388.8,2399.7,516.4,454.8,58.95,147.65,489.55,839,77.9,200.7,126.95,1060.45,479.55,18.75,739.95,1564.15,193.3,343.95,1473.5,307.1,82.35,68.1,158.05
539.75,380.65,1654.2,929.85,310.9,1388.25,7249.25,1409.25,2431.7,515.2,458.85,57.1,147.25,474.15,859.45,78.05,205.45,127.75,1069.7,484.65,18.55,731.7,1569.9,194.8,346.8,1450.55,302.9,81.4,66.75,153.95
547.85,375.2,1631.5,943.55,308.7,1389.45,7207.25,1412.35,2445,526.7,459.9,55.9,143.9,470.85,845.4,82.1,206.95,126.75,1086.35,479.95,18.6,735.35,1570.3,199.2,341.4,1442.95,292.65,85.2,65,153.95
541,368.25,1628.25,943.35,308.95,1387.15,7268.2,1422,2406.3,523.1,461.2,56.9,146.2,468.3,848.3,81.75,209.8,124.05,1093.7,490.2,18.7,743.4,1581.4,198.25,342.35,1425.35,298.9,87.45,65.1,152.85
540.15,360.1,1653.8,940.15,311.3,1396.3,7316.1,1432.65,2394.85,519.9,456.5,56.95,145.55,465.7,832.6,82.75,206.9,122.45,1077.2,493.6,18.7,731,1563.95,191.55,340,1405.4,301.1,86.15,63.95,152.25
541.15,354.15,1651.35,943.25,311,1376.2,7219.15,1435.85,2361.7,513.3,439.8,56.25,143.9,454.3,809.25,81.5,208.9,117.35,1068,503.85,18.4,712.3,1508,184.15,328.4,1466.8,301.05,83.25,63.05,151.3
534.65,359.7,1651.05,927.05,312.35,1370.3,7183.35,1437.15,2342.85,516,426.5,55.15,137,446.05,792.2,81.1,202.15,119.65,1052.2,503.55,18.1,699.8,1450.35,182.75,324.6,1420.65,290.9,80.7,66.35,149.85
536.85,356.05,1629,924.7,308.35,1356.05,7225.05,1398.5,2350.05,507.3,427.85,54.05,136.5,449.85,808.05,81.65,203.5,119.55,1036.15,503.8,17.65,714.3,1405.35,183.65,325.05,1433.7,300.85,81.7,65.15,151.05
543.75,362.35,1632.2,930.2,311.6,1355.65,7224.35,1392.7,2333.25,509.6,436.2,53.4,138.05,453.65,806.8,81.55,204.3,118.9,1052.75,503.5,18.1,721.8,1417.6,186.65,331.8,1626.2,302.05,82,65.4,157
555.6,361.45,1614.95,935.55,323.65,1348.6,7217.6,1380,2362.35,524.45,437.2,53.5,137.3,457.25,816.4,80.55,202.5,118.25,1056.65,497.45,18.75,724.7,1408.55,184.6,326.75,1698.65,294.25,80.75,65.7,152.9
551.85,367.1,1621.65,951.9,342.5,1366.45,7354,1381.05,2373.6,532.4,442.45,53.95,139.25,469,826.5,80.4,207.55,119.85,1052.35,508.4,18.9,768.05,1440.4,185.75,328.25,1755.85,292.9,85.4,69.05,155.7
545.05,365.35,1640.65,962.15,337.25,1355.15,7376.15,1421.95,2366.85,535.55,435.95,53.5,136.55,463.35,815.5,81.2,205.1,120.85,1062,500.15,18.65,765.25,1425.75,188.3,324.4,2089.85,291.5,83.1,70.1,152.4
545.9,363.05,1629.1,950.9,331.05,1385,7377.65,1442.65,2356,531.8,435.8,55.5,136.6,475.75,824.95,81.75,206.1,122.85,1072,507.4,18.75,815.65,1407.2,190,321.3,2298.8,286.7,88.35,72.45,163
542.85,361.5,1647.9,947,337.1,1376.05,7474.05,1442.55,2347.55,533.95,437.9,57.4,143.3,470.75,825.5,81.95,206.15,123.1,1073.4,508.5,18.7,819.65,1421.2,187.25,330.8,2237.75,289.9,90.15,72.6,163.35
547.15,358.95,1629.15,935.4,334.3,1376,7432.8,1491.15,2331.95,532.5,435.55,56.35,144.2,466.55,828,81.7,204.75,121.75,1072.35,514.85,18.55,808.2,1419.05,190,328.6,2403.4,288.8,89.55,72.7,162.45
549.2,366,1638.85,957.05,333.3,1367.4,7430.45,1492.85,2434.95,536.75,437.05,58.1,153.25,467,830,83.45,205.25,122.4,1072.3,516.4,18.85,815.55,1425.4,188.45,330.7,2439.2,289.5,89.55,75.95,163.9
538.45,363.25,1642.75,975.35,330.4,1390.15,7457,1494.35,2475.8,528.7,437.45,56.35,149.4,463.1,819.05,83,208.95,122.8,1117.75,509.45,19.35,788.85,1419.3,189.45,339.2,2403.75,281,86.5,70.2,163.15
539.95,369.85,1639.95,972.35,328.85,1376.7,7476.65,1511.1,2439.45,530.8,434.9,57,152.35,473.6,826.4,83.05,211.45,127.1,1121.2,513.4,19.1,802.65,1419.6,191.65,333.85,2347.3,281.4,88.5,70.2,165.8
543.65,372.05,1656.9,977.05,338.75,1370.4,7567.55,1522.1,2446.4,534.15,443,56.95,152.25,484.75,829.2,83.25,212.45,126.95,1125.1,515.4,19.05,806.8,1417.7,193.8,330.5,2304.65,284,88.1,71.35,163.95
548.05,390.35,1647.7,972.05,337.15,1375.55,7557.25,1533.75,2397.45,533.65,443.05,57.15,153.65,482.85,830.95,82.95,210.3,125.4,1121.85,519.4,18.9,792.25,1403.2,190.95,339.1,2159.7,283.15,86.55,70.1,160.7
556.5,386.15,1652.35,984.05,325.15,1384.6,7522.3,1551.75,2395.45,533.75,456.15,58.05,152.9,483.8,831.95,83.4,211.3,123.1,1145.3,516.35,18.85,800.2,1381.95,188.5,336.8,2016,293.5,86.15,71.2,164.35
559.75,379.05,1653,985.6,284.55,1380.15,7549.35,1519.9,2408.35,527.75,459.75,57.85,154.85,485.55,827.5,82.45,209.6,123.25,1128.6,514.35,18.3,794.3,1382,187,332,2010.65,292.15,85,76.5,161.25
568.25,379.35,1654.85,979.85,291.45,1382.4,7561.5,1532.95,2449.6,533.05,469.25,58,158.3,493.75,836.6,82.95,210.8,130.65,1134.1,516.25,18.45,795.5,1387.15,189.7,333.1,2037.65,288.6,88.35,75.15,161.05
571.9,379.15,1651,969.45,289.5,1393.45,7490.95,1528.9,2444.7,529.8,477.6,58.45,156.75,490.9,825.75,82.9,215.85,126,1124.8,519.6,18.5,807.55,1385.8,187.1,335.4,2058.15,286.2,88.7,75.3,160.85
566.2,377,1640.95,980.1,288.9,1386.05,7543,1585,2491.2,543.2,458.75,59.15,158.25,499.7,806.3,83.35,215.6,126.6,1146.2,511.3,19.15,800.8,1367.5,188.05,336.85,2028,286.8,87.6,75.5,161.55
569.75,377,1632.25,990.55,293.25,1388.95,7554.55,1615.25,2530.7,538.15,455.9,60.7,161.3,502.3,810.6,83.25,215.1,119.55,1135.9,506.75,18.95,808.85,1369.4,184.8,338.45,2019.95,285.25,85.9,76.3,162.8
564.4,373.35,1632.05,993.85,291.4,1389.8,7504.85,1602.15,2571.5,536.15,462.55,61.75,162.95,504.15,813.5,83,209.15,122.8,1124.4,507.45,18.9,806.9,1381.7,185,336.05,2131.5,286.95,86.35,76.45,163.15
575.45,375.65,1633.45,994.05,293.65,1413.5,7565.25,1622.75,2556,537.9,458.75,62.2,158.9,499.05,804.35,82.55,210.7,121.05,1131.8,509.5,19.1,803.8,1354.4,181.95,340.65,2173.7,299.05,85.6,74.15,162.9
568.7,378.7,1728.2,971.05,288.55,1398.2,7599.6,1594.8,2481.7,527.45,449.75,59.45,154.15,515.9,794.65,82,208.5,121.8,1177,508.55,20,786.95,1330.3,183.95,339.15,2090.95,299.1,83.3,74.95,167.95
566.1,379.95,1785.35,997.35,291.55,1392.2,7630.45,1594.45,2484.3,533.15,460.4,59.25,158.85,510.8,797.1,82.15,211.45,124.15,1190.65,526,19.2,786.25,1340,184.3,335.7,2132.05,299.65,83.3,75.25,166.5
560.1,376.75,1789.25,1011.2,285.25,1403.3,7750.05,1615.2,2491.8,544.25,456.75,59.45,162.3,504.25,780.35,82,209.5,124.25,1179.1,528.65,18.95,791.75,1340.55,185.55,327.7,2114.9,295.2,83.6,73.45,166.75
562.45,373.85,1779.1,1005.55,287.85,1429.25,7856.1,1603.6,2501.65,539.35,465.95,59.65,157.5,533.65,782.45,82.8,211.9,128.85,1189.95,526.6,18.9,789.3,1375.1,179.95,323.05,2125.45,280.45,83.15,73.05,167.95
568.55,369.9,1766.4,993.35,285.45,1414.6,7795.5,1629.2,2473.8,552.8,460.8,59.25,158.95,542.35,798.5,82.6,215,128.05,1176.9,532.35,18.45,776.7,1377.65,185.4,329,2125.35,283.85,82.15,72.75,168.4
557.15,370.55,1736.75,984,281.4,1416.5,7737.4,1650.1,2489.45,558.05,450.85,56.65,149.3,538.3,796.5,82.65,217.1,128,1184.45,526.25,17.75,763.6,1374.05,179.65,328.25,2052.4,274.6,79.4,74.1,161.9
568.7,377.75,1731.35,983.75,280.75,1418.05,7770.3,1622.15,2522.8,611.2,456.7,57,151.05,541.7,786.3,80.25,216.7,129.85,1180.25,530.45,17.65,769.15,1400.2,179.35,325.9,2150.95,260.75,81.5,76.85,160.05
566.5,381.6,1725.4,968.25,279.85,1400.75,7838.65,1616.35,2503.45,614.85,456.75,57.15,152.1,536.85,754.6,80,213.7,132.2,1196.4,542.2,17.3,776.95,1430.45,187.4,331.95,2187.5,266.3,82.9,74.15,156.75
578.6,386.75,1719.9,963.85,274.15,1400,7755.9,1602.55,2503.05,609.4,448.85,55.75,148.8,537.45,725.6,78.25,212.5,139,1225.1,528.3,16.65,775.8,1409.65,181.75,329.85,2127.9,259.5,80.3,72.95,156.3
561.85,382.2,1731.65,969.35,272.85,1392.3,7661.6,1598.8,2512,619.15,427.85,55.95,148.3,527.6,705.55,77.8,207.85,134.4,1231,514.4,16.3,781.15,1358,180.7,319.95,2100.15,264.8,78.1,72.65,153.55
548.2,365,1709.8,981.25,273.1,1387.05,7578.75,1584.35,2511.45,610.35,406.35,53.8,143.15,520.15,680.8,76.7,195.05,119.5,1214.2,474.45,15.4,723.3,1332.6,178,302.3,1816.3,251.8,69.55,72.05,149.5
541.4,368.95,1695.35,987.7,271.5,1348.05,7457.4,1546.25,2496.05,607,416.8,52.65,140.35,517.2,706.9,76.55,199.65,118.6,1215.5,469.2,15.25,718.15,1285.9,176.4,306.7,1719.4,254.45,70.6,72.75,150
570.05,372.5,1713.95,981.45,271.25,1355.75,7608.45,1573.05,2469.4,630.4,438.75,52.3,143.2,554.2,750.7,79.55,206.55,121.1,1295.65,489.55,17.4,731.45,1288,188.3,304.75,1976.4,261.4,74.85,72.85,153.3
590.45,371.2,1741.75,975.2,279.2,1371.2,7701.15,1566.1,2492.35,627.7,449,53.25,147.55,542.5,748.45,82.05,208.4,124.45,1274.35,494.35,17.5,738.55,1329.2,190.75,315.45,2126.3,258.3,76,74.8,160.1
573.2,376.2,1759.25,1020.85,280,1367,7582.45,1567.1,2485.65,621.5,448.45,53.8,146.3,543.35,752.8,81.65,207.3,121.15,1274.35,491.4,17.2,746,1301.25,190,328.9,2112.95,250.9,78.8,77.65,161.95
565.3,381.25,1735.05,923.25,281.85,1370,7598.8,1575.4,2513.8,623.5,450.35,54.3,142.15,537.7,742.4,80.3,208.3,124.55,1277.5,487.8,16.95,774.35,1321.75,189.95,329.6,2063.8,248.9,77.85,78.8,157.55
561.75,374.2,1738.15,873.4,281.6,1378.65,7501.9,1564.4,2528.8,615.5,448.75,54.1,137.6,532.6,719.25,80.2,205.75,123.4,1256.25,468.7,16.15,744.9,1280.65,183.7,327.55,2007.05,253.1,75.85,75.55,154.65
559.25,377.75,1750.4,875.4,282.9,1374.65,7496.1,1560.05,2497.55,615.1,455.8,53.7,138,524.9,698.15,80.05,203.45,123.45,1259.3,465.65,16.05,731.35,1272.35,186.1,333.3,1964.1,253.8,74,73.75,155.25
559.15,385.45,1765.25,892.8,282.55,1374.2,7573.05,1582.05,2489.45,607.5,467.75,54.65,142.65,522,714.65,78.75,205.1,125.55,1268.25,474.8,16.35,737,1255.45,183.3,339.5,2078.3,259.9,79.3,74.2,154.65
574.05,383,1757.35,912.15,281.45,1375.15,7612.85,1568.05,2496.6,606.8,474.05,55,144.3,521,712.45,79.15,205.8,124.95,1251.85,479.9,16.3,733.75,1263.55,184.5,340.2,2032.7,259.2,85.05,74,156.95
574.1,382,1766.45,941,282.45,1373.05,7579,1566.55,2487.3,612.25,490.95,56,144.85,538.2,715.5,78.85,206.9,128,1242.75,483.8,16.65,765.15,1276.25,186.1,340.9,2026.65,258,92.6,73.9,158.75
568.9,379,1727.8,927.45,280.25,1376.95,7521.5,1532.15,2470.85,600.45,493.4,55.45,141,520.05,701.4,76.95,204.4,126.4,1241.55,498.2,16.25,756.2,1261.5,187,337.1,1996.1,253.9,93.7,74.9,157.85
566.35,381,1759.05,926.65,282,1358.15,7557.45,1564.1,2484.55,611.6,503.4,55.3,142.5,523.2,704.15,77.65,206.4,132.65,1256.85,507,16.45,763.05,1309.95,191.25,342.15,2018.6,251.15,104.45,77.65,159.3
571.9,378.3,1776.9,914.95,282.25,1344.8,7700.3,1594.5,2496.35,617.1,505.2,55.1,143.8,524.75,696.45,79.25,204.55,138.85,1275.6,509.25,16.3,777.15,1321.45,195.45,348.1,1991.65,252.6,114.85,76.7,158.25
568.4,384.15,1759.55,919.95,283.6,1347.6,7812.3,1610.1,2456.45,613.5,516.95,55.35,144.45,526.8,768.3,80.1,208.65,139.55,1275,522.1,16.55,811.6,1323.4,192.75,341.8,1986.9,251.95,122.55,77.6,159.55
561.7,379.6,1755.4,900.2,283.1,1328.3,7821.5,1613.35,2456.2,612.25,520.85,55,142.65,519.35,807.4,78.45,206.8,135.4,1262.15,507.9,16.15,859.2,1310.25,189.85,345.4,1977.25,249.5,134.8,81.75,158.2
559.6,378.7,1767.3,901.9,282.85,1324.65,7817.2,1632.6,2484.35,638.85,550.35,55.55,143.6,522.7,826.2,78.35,209,138.55,1318.75,514.3,16.35,854.7,1304.9,188.9,343.8,1983.3,242.85,139.45,81.9,158
558.3,382.25,1775,895.6,275.7,1316.55,7846.65,1645.4,2453.2,640.8,556,54.85,139,526.25,832.55,78,208.4,136.05,1304.7,515.25,16.3,857.4,1308.4,187.45,343.45,1992.35,239.1,146.4,79.6,155.15
554.2,381.55,1781.7,895.75,270.4,1339.95,7919.2,818.1,2460.1,637,550.95,55.45,138.95,531.55,833.15,77.35,210.3,134.85,1311.3,515.5,16.25,893.05,1323.65,185.1,339.7,1988.9,252.2,153.7,78,154.05
552,380.1,1779.15,884.3,272.35,1295.4,7970.75,816.9,2470.6,633.4,544.3,56.2,137.85,537.25,806.95,77,208.8,134,1374.9,502.2,16.15,884.9,1366.35,187.4,345.8,1985,253.45,156.35,76.3,153.6
553.85,394.8,1781.7,878.7,273.6,1280.2,8142.4,817.9,2454.45,632.95,548.3,56.2,138.15,534.65,828.4,80.6,208.45,136.15,1385.1,508.6,16.8,901.3,1344.85,196.35,367.85,2015.75,252.95,148.95,81.5,154.55
560.5,409.6,1798.1,884.05,277.65,1300.75,8154.5,823.75,2488.45,637.9,557.8,56.55,141.5,562.5,826.25,81,213.5,138.6,1427.85,515.3,16.95,907.65,1346.85,199.95,377.75,2039.55,251.75,151.85,83.4,156.5
554.4,408,1778.1,883.75,271.5,1307.35,8122.6,849,2489.2,630.3,552.1,55.75,143,549.2,812.5,84.8,210.15,134.4,1400.4,515.65,17.1,885.9,1323.35,198,372.8,2160.45,250.3,159.1,84.7,153.9
565.95,400.95,1771.8,892.4,272,1290.75,8070.25,843.85,2486.95,633.55,561,56.65,145.25,545.35,836.4,85.25,213.15,135.05,1428.85,507.55,17.1,894.4,1321.35,198.9,402.85,2161.85,252.25,167.05,82.75,152.15
561.4,399.85,1768.95,908.25,269.3,1294.25,8099.75,841.8,2506.05,632.15,568.3,56.6,144.65,544.75,824.1,84.3,212.35,135.85,1439.7,499.6,16.95,880.3,1336.35,197.85,389.6,2168.75,246.4,175.4,82.85,156.75
570.7,400.25,1771.75,909.1,267,1295,8157.85,845.55,2499.05,646.1,602.05,57.2,144.75,552.05,849.7,83.7,213.55,135.6,1443.25,501.6,16.9,885.75,1329.3,198.5,401.6,2185.1,244.75,184.15,81.6,155.5
573.4,420.85,1752.6,912.25,267.85,1294.75,8131.7,838.6,2498.25,641.55,609.4,56.65,143.9,548.35,850.35,84.6,215,136.9,1483.75,495.7,16.75,882.75,1337.8,193.1,389.3,2182.95,247.9,193.35,80.65,155.2
569.7,417.3,1767.15,912.7,271.55,1292.45,8120.15,847.15,2493.55,630.8,590.75,56.9,144.8,549.15,841.65,84,220.15,134.4,1498.65,494.15,16.75,870.05,1310,196.05,382.85,2184.1,249.05,202.8,78.55,154.55
591.9,407.75,1788.6,909.55,269.55,1291.45,8144.95,841.35,2524.9,618.55,595.4,56.05,141.8,535.1,829.55,83.1,224.05,131.9,1516.35,488.55,17,861.85,1281.2,194.5,376.6,2153.1,247.4,212.9,79.75,154.15
585.35,398.55,1780.95,898.3,268.45,1287.15,8068.2,817.4,2503.6,602.3,568.2,54,137.7,515.25,819.75,80.4,216.4,127.25,1436.4,471.25,16.3,825.35,1217.7,192.15,373.35,2059.9,247.15,203.15,78.2,153
577.2,398.15,1755.05,895.35,262.25,1260,7964.95,821.55,2510.75,602.15,524.55,53.15,137.65,509.65,783.45,81.85,211.35,123.25,1453.75,463.85,16.1,798.05,1214.9,187.05,357.75,1950.55,239.75,193,79,148.7
579,398.8,1741.25,905.9,262.45,1247.15,7889.9,820.1,2474.65,592.25,556.4,53.5,136.65,518.7,771.5,79.95,212.4,120.45,1435.25,474,16.15,814.35,1211.85,186.2,358.45,1991.55,246.15,186,78,147.55
570.1,399.75,1719.35,899.8,258.5,1232,7739.95,799.15,2495,590,525.55,52.2,132.65,512.55,743.85,78.15,207.5,121.25,1409.45,463.4,15.8,786.2,1174.6,181.85,355.3,1957.25,242.8,176.7,79,145.3
582.65,396.25,1744.35,896,261.55,1230.55,7897.35,786.45,2476.45,575.65,534.35,52.55,130.75,501,733.7,77.25,210.6,122.1,1459.1,462.6,15.4,810.7,1194.65,185.05,357,1984.25,241.7,167.9,77.25,147.35
586.1,419.05,1742.15,899.9,258.3,1254.25,7978.2,780.9,2435.95,584.55,549.65,52.35,129.05,506.05,762.05,77.8,212.6,126.9,1471.9,465.05,15.6,812.15,1204.9,187.7,353.05,2000.45,249.3,176.25,78.7,147.4
578.9,435.4,1761.6,903.55,261.4,1264.3,7888.3,798.35,2448.45,600.05,549.7,52.25,129.6,522.95,766.6,77.4,213.35,127.1,1475.55,457.4,15.6,805.8,1221.05,183.3,362.85,2051.7,252.55,185.05,78.7,150.25
581.05,436.15,1768.1,899.6,267.4,1288.75,7847.2,818.85,2442.3,600.9,553.85,52.25,129.95,520.3,768.4,78,213.35,125.2,1451.1,463.05,15.65,814.15,1268.6,187.1,359.35,2443,247.65,194.3,77.55,149.1
585.35,430.9,1751.7,903.05,265.25,1300.75,7831.05,824.15,2429.6,595.75,558.1,52.05,132.35,518.9,780.75,78.95,214.95,126.45,1438.55,471.1,15.2,836.7,1293.45,195.05,366.7,2480.95,251.6,204,77.95,148.85
585.4,452.7,1740,920.15,266.15,1303,7903.2,837.05,2446.65,596.6,546.55,53.4,137.05,528.6,784.85,80.65,216.1,126.95,1442.25,471.6,15.35,849.05,1313.65,198.85,366.65,2412.8,257.2,214.2,78.15,150.9
585.55,446.05,1749.7,923.9,268,1304.85,7896.7,830.65,2454.1,616.15,544.7,53,137.3,520,793.7,81.45,218.15,125.9,1444.85,477.25,15.2,851.35,1387.6,192.9,389.3,2475.15,251.8,224.9,78.55,153.3
590.15,444.6,1744.75,935.45,266.2,1305.1,7893.7,843.2,2459.25,615.85,551.55,53.25,137,528.45,817.7,81.55,220.05,126.85,1487.1,477.75,16.25,868.7,1376.65,188.65,386.85,2462.45,246.2,236.1,77.25,154.3
586.15,444.4,1750.75,930.7,265.4,1319.45,7825.15,840.15,2500.35,610.6,526.15,51.85,131.7,522.5,783.55,81,221.25,126.8,1520.25,466.1,15.5,840.75,1335.65,186.2,376.6,2389.85,264,224.3,75.3,152.5
589.65,445.95,1755.55,927.3,267,1338.15,7904.25,872.75,2548.2,623.45,532,52.3,133.8,535.45,794.05,81.7,241.95,128.85,1528.3,465.4,15.8,844.45,1352.7,187.7,375.6,2409.45,267.95,213.1,75.1,152.2
592.85,437.5,1766.45,930.1,265.95,1325.3,7874.15,876.45,2558.6,625.15,537.8,53.05,135,532.5,799.8,81.65,243.35,129.55,1521.85,463.3,15.55,848.25,1404.1,188.85,392.75,2421.55,268.7,207.75,74.75,153.55
606.75,437.95,1762.9,939,267.5,1368.6,7842,876.8,2584.4,627.45,558.25,52.8,133.85,531.75,817,81.95,239.55,127.3,1523.25,459.8,15.45,855.6,1372.1,187.95,397.15,2399.6,275.85,199.45,74.25,153.35
632.1,437.35,1759.75,930.5,267.25,1373.35,7838.9,874.35,2594.55,625.75,591.85,52.85,134.4,539.15,815.8,81.6,250.25,128.65,1497.5,461.4,15.5,861.15,1387.6,185.1,414.75,2403.9,280.6,197.45,73.4,154.8
611,436.5,1751.55,924.35,270.35,1370.55,7784.05,914.5,2586.6,612.9,602.5,52.4,130.9,537.45,813.75,81.9,251.3,130.7,1573.75,463.1,15.55,885.5,1369.1,185.2,418.65,2379.9,277.65,207.3,73.4,157.25
607.8,433.25,1745.75,926.95,269.65,1375.75,7731.1,909.9,2583.9,606.95,594.35,51.8,129.55,533.35,808.3,81.5,253.6,129.8,1555.15,453.8,15.4,892.55,1362.65,187.2,409.85,2365.05,279.85,211.25,74.3,157
592.9,435.15,1722.4,939.5,267.05,1367.05,7818.5,939.75,2587.9,604.05,582.95,51.8,131,543.85,803.85,81.75,254.1,129.6,1613.2,469.3,15.35,907.75,1415.75,187.05,404.35,2322.7,276.9,204.2,73.25,161.9
595.05,444.25,1722.3,926.5,267,1350.65,7875,934.25,2578.4,606.05,596.65,54.3,138.2,537.95,804.95,82.15,260.1,130.6,1593.7,478.1,15.55,902.15,1420.85,192.5,387.2,2316.35,279.2,203.1,76.65,172.55
592.65,459.35,1677.65,935.3,269.25,1364.7,7870.2,939.9,2559.9,590.75,577.8,65.15,202.05,534.3,807.8,82.25,246.45,129.7,1571.1,486.8,15.9,887.05,1388.85,209.7,380.9,2300.1,274.35,198.8,74.8,171.3
611.5,465.3,1692.35,947.35,268.4,1372.95,8068.05,947.4,2538.85,584.65,603.65,67.95,213.6,534.15,815.9,82.15,256.3,134.4,1591.15,490.8,15.85,873.65,1421.45,213.15,389.55,2297.75,278.95,202.65,74.05,172.35
625.05,471.1,1699.05,946.35,269.35,1387.7,8114.45,929.85,2584.3,590.05,611.55,62.35,196.65,542.4,843.45,85.1,255.45,134.3,1585.75,505.85,15.95,900.2,1421.2,218,384.55,2333.2,279.65,197.6,73.85,179.65
626.05,475.7,1705.8,944.1,265.15,1374.75,8195.25,942.5,2616.2,618.3,647.9,65.3,203.95,559.8,834.15,85.95,265.75,135.45,1613.9,502.85,16.55,899.25,1397.45,215.2,385.3,2359.65,277.95,198,71.15,181.9
627.6,465.2,1707.4,921.85,265.7,1344.8,8211.25,940.85,2624,635.25,642.75,62.65,197.15,567.6,856.5,84.9,260.1,142.35,1585.15,502.75,16.95,892.3,1387.15,212.95,388,2364.8,282.35,194.25,71.8,180.45
626.75,468.05,1754.3,927.05,269.85,1350.75,8238.4,952.55,2602.85,637.45,642.25,63.8,198.9,561.8,853.3,85.2,262.85,139.95,1582.8,498.7,16.75,963.8,1377.5,216.7,386.45,2363.6,280.4,194.6,72.55,185.95
636,470.95,1762.25,922.9,265.65,1335.35,8225.8,946.6,2626.15,655.15,649.75,65.85,197.45,545.65,854.75,84.8,262.55,138.05,1571.4,500.25,16.4,953.3,1363.7,233.5,392.45,2340.55,281,193.2,72.95,191.75
640.1,463.85,1776.3,926.65,265.4,1330.75,8219.4,945.3,2620.1,659.75,665.65,64.9,207.8,548.95,881.55,84.5,262.8,136.1,1572.7,490.3,16.5,973.55,1364.65,231.9,393.05,2329.9,288.3,194.9,72.6,186
654.8,465.95,1790.2,928.7,264.9,1366.15,8310.2,932.5,2665.55,783.7,642.15,64.7,201.2,552.85,903.85,85.45,263.95,133.65,1558.6,479.95,16.1,964.8,1403.55,230,393.3,2353.8,293.8,204.25,70.6,185.75
607.55,463.5,1764.65,955.5,265.3,1353.75,8220.3,906.7,2710.05,753.8,632.85,62.9,190.8,547.85,878.75,83.05,285.6,130.85,1549.25,462.45,15.55,969.15,1344.5,238.4,381.2,2329.9,296.1,205.2,69.9,186.15
622.6,457.25,1747.45,952.3,265.4,1367,8232,887.8,2735,743.3,624,61.75,189.05,556.65,872.15,83.3,278.1,127.05,1566.85,452.35,15.5,957.7,1379.9,232.9,379.3,2327.65,296.6,196.25,69.7,189.1
614.55,451.1,1725.85,954.5,260.05,1361.3,8204.8,900.5,2736.4,777.9,633,62.15,192.3,563.75,882.4,83.75,276.85,128,309.95,469.8,15.5,960.45,1366.4,223.95,384.45,2370.6,298.7,206.05,66.9,189.45
609.3,457.1,1709.5,962.05,261.7,1392.95,8183.5,883.85,2708.75,782.05,638.4,63.8,190.1,571.7,872.45,82.95,274.6,126.3,321.65,465.2,15.55,947.65,1394.3,218.9,406.95,2299.6,296.85,205.55,68.2,191.95
602.1,455.45,1670.3,951.95,258.3,1411.2,8109.2,875.25,2758.95,765.1,633.2,60.85,187.65,576.6,856.7,82.2,268.85,122.55,314.4,459.3,14.65,928.15,1398.55,207.35,406.1,2316.05,293.45,198.6,70,186.75
602.45,456.05,1661.4,949.1,256.55,1429.6,8122.95,886.7,2714.6,774.3,621.85,60.2,184.05,600,851.8,81.8,270.25,122,314.15,459.45,14.5,924.4,1390.25,209.45,413.25,2583.75,294.15,195.5,71.4,190.3
593.65,449.2,1650.9,951.8,253.3,1415.25,8127.25,883.7,2705.3,771.05,615.45,58.7,180.7,583.85,831.5,82.05,265,121.35,303.75,417.95,13.65,918,1386.1,201.4,405,2383.9,288,185.85,69.5,192.35
592.85,449.45,1664.4,988.4,255.1,1413.95,8163.7,903.85,2746.65,768.3,623.5,59.4,189.6,614.15,845.55,84.8,266.05,120.6,299.6,446,13.45,940.9,1390.5,203.15,401.15,2587.8,295.25,183.75,69.75,205.85
608.55,444.75,1705.5,970.95,258,1416.75,8348.35,911.9,2707.3,786.3,635.5,59.6,190.8,611.5,842.55,88.95,269.1,121.6,301.8,438.65,13.7,950.8,1408.05,210.15,400.7,2660.6,294,186.85,69.35,209.4
604.25,460.35,1689.2,960.55,259.2,1408,8425.65,920.85,2703.45,783.95,638.55,61.2,187.25,630.45,835.6,91.7,265.1,126.9,304.85,443.35,13.6,982.65,1380.35,207.6,407.95,2828.55,289.75,196.05,69.45,216.2
616.1,459.95,1694.5,966.25,255.8,1416,8424.8,932.55,2672.95,815.45,621.35,60.7,186.3,629.05,848.85,92.9,270.9,126.2,310.05,450.65,13.85,969.7,1368.2,213.75,408.4,2984.95,293.55,202.15,67.7,222.55
619.25,469.05,1718.15,966.3,258.15,1429.5,8513.15,930.75,2680.65,813.15,620.4,61.75,189.2,622.85,874.5,93.05,268.1,124.85,306.95,449.4,13.65,977.05,1356.15,228.1,414.15,2905.85,298.45,197.75,68.95,219.6
617.6,462.9,1704.6,991.25,258.15,1418.65,8463.4,947,2681.25,805.9,618.65,61.95,186.5,624.8,879.15,93.15,266.05,125.4,305.1,449,13.6,972.8,1349.1,235.95,464.45,2855.3,293.25,203.65,67.4,229.35
615.7,471.05,1711.05,1009.55,260.75,1434.1,8487.95,951.1,2688.05,829.3,618,62.05,186.1,623.55,877.35,93.65,264.95,126.1,312.25,451.45,14.15,978.55,1303.2,238.4,473.65,2882.45,295.55,199.85,67,230.2
614.8,467.45,1711,998.75,259.25,1431,8508.6,951.35,2685.85,832.6,615.95,62.1,185.85,649.1,884.1,95.25,263.9,126.55,312.25,464.95,15,993.65,1305.2,247.3,491.1,2900.9,315.55,204.65,66.55,226.4
611.8,462.5,1725.5,984.7,257,1435,8624.15,943.35,2685.3,818.1,616.6,62.85,183.7,636.5,887.35,95.85,262.55,125.35,326.7,458.3,14.7,982.7,1308.65,250.15,494.55,2879.75,313.5,207.4,66.95,236.95
607.9,462.15,1704.15,982.7,258.05,1433.4,8671.35,946,2658.15,818.1,618.2,61.6,181.6,643.4,882.4,95.05,264.35,125.15,325.55,453.5,14.5,979.35,1313.1,252.7,479.75,2825.8,314.1,212,68.65,242.25
600.9,468.4,1675.7,976.1,256.05,1406.55,8599.1,921.55,2637,818.9,616.55,60.55,176.1,636.6,869.6,94.7,262.85,122.3,326.6,439.95,13.95,965.2,1315.95,251.8,467,2838.35,316.4,221.6,68.75,241.4
598.1,455.8,1658.8,958.8,255.2,1409.4,8609,910.1,2629.95,805.25,599.95,59.7,171.5,616.4,854.45,90.25,260.5,123.7,317.5,436.6,13.8,942.75,1278.25,243.8,449.1,2821.6,311.8,211.85,68.95,238.6
596.7,463.15,1680.4,985.35,255.1,1401,8500.8,901.6,2632.35,804.55,590.65,59.5,173.2,610.4,851.7,89.85,255.95,121.55,333,439.3,13.85,942.5,1275.35,249.8,453.9,2833.25,309.35,201.35,69.25,230.6
596.45,462.15,1679.5,984.35,253.85,1388.2,8500.4,913.7,2635.55,792.6,596.65,58.8,175.95,620.95,857.8,88.9,256.65,121.7,327,443.6,13.6,942.45,1269.7,248.4,448.05,2792.65,305.55,202.2,68.7,219.05
596.45,456.05,1648.4,990.3,251.6,1367.45,8612.4,926.65,2633.3,773.6,586,59,172.1,599.8,842.25,87.4,253.95,120.85,324.3,440.35,13.6,936.5,1269.7,241.95,474.1,2778.55,307.45,204.4,68.95,225.55
593.45,492.55,1655.55,999.8,253.35,1379.55,8882.4,931.55,2617.25,800.6,601.85,59.35,173.9,617.6,857.6,90.85,254.55,122.8,332.6,455.95,13.75,938.15,1286.9,249.45,492.6,2787.35,316.6,209.1,68.3,227.3
603.1,482.5,1682.95,1001.85,262.2,1388.15,9042.25,921,2601.5,810.95,601.05,59.45,172.7,625.75,901.75,91.6,259.45,123.35,327.8,449.8,13.95,954.7,1302.45,248.85,482.2,2774.75,320.9,230,67.75,238.55
603.65,481.2,1709.95,1005.3,266.25,1418.25,9133.8,916.15,2661.1,820.6,600.1,60.7,172.95,625.7,906.2,93.55,254.2,123.55,328,459.15,13.85,958.55,1294.45,246.05,491.25,2795.25,322.05,237.55,69.05,239.5
591.65,491.9,1710.8,1010.5,261.55,1419.15,9131.35,915.6,2612.15,822.4,582.05,59.95,173.7,629.35,891.55,90.55,251.15,120.6,322.5,450.2,13.8,978,1307.6,241.2,480,2749.05,333.95,234.6,69.75,236.4
578.15,491.8,1696.7,1003.75,259,1412.5,9120.65,914.65,2628.4,818.95,576.25,58.85,167.8,619.6,916.25,90.25,246.05,124.1,322.1,450.35,13.6,972.4,1302.1,235.6,467.2,2823.2,326.6,233.7,69.6,234.3
590.45,487.1,1704.5,1013.1,264.25,1431.6,9112.75,921.5,2557.8,816.25,586.95,58,169.6,616.95,913,90.5,245.45,123.55,319.5,454.45,13.3,973.1,1298.6,232.25,451.3,2833.65,322.2,228.3,69.4,231.1
576.45,485.65,1723,1022.9,264.6,1483.4,9165.9,919.75,2545.6,832.85,591.75,58.3,171.6,631.55,934.5,91.2,250.45,125.6,318.85,448.85,13.5,976.8,1303.85,237.95,467.85,2840.15,336.75,266.75,71.95,231.25
591.65,496,1719.95,1016.6,263.2,1521.45,9309.1,921,2580.5,840.1,602.4,58.8,178.75,629.45,951.25,91.1,249.45,122.8,326.2,444.05,13.45,1020.3,1334.15,241,477.15,2818.7,334.65,280.9,71.95,231.1
603.9,496.55,1709.15,1003.95,264.25,1556.3,9801.5,925.95,2575.3,868.35,609.7,58.65,178.75,633.35,941.2,91.1,252.2,123.8,327.95,443.25,13.7,1027.5,1346.4,238.6,476.65,2832.6,335.15,294.5,71.85,249.65
600.65,499.4,1693.7,1015.85,263.3,1541.75,9733.9,918.15,2588.95,862.95,607,58.9,170.5,637.6,936.5,90.85,253.3,124.45,328.15,466.2,14.2,1022.65,1425.25,238.9,482.15,2829.45,335.65,289.25,71.45,251.35
599.8,501.5,1701.9,1022.05,263.05,742.2,9631.05,912.95,2595.7,858.45,600.5,60.9,173.5,649.6,982.9,91,252.2,126.35,328.95,505.05,14.5,1035.25,1437.4,255.3,479,2826.1,336.65,294.9,71.9,250.05
601.2,503.1,1709.35,1039.35,263.1,746.2,9700,920.4,2646.75,856.85,593.4,59.6,175.95,658.95,999.5,92.75,254,128.25,329.15,528.45,14.6,1030.7,1441.1,254.1,476.5,2838.55,336.85,292.7,71.95,265.6
611.75,509.65,1713.2,1035.6,264.15,741.55,9679,929.8,2649.45,854.8,595.05,60.45,174.3,654.55,999.45,93.15,251.65,131.15,330.55,539.85,15,1053.05,1418.6,254.05,473.75,2833.75,337.85,294.05,73.3,279.95
612.65,508.1,1707.9,1034.25,262.15,746.75,9644.1,923.75,2619.9,849.05,592.9,60.05,174.1,668.55,1005.25,92.3,249.55,128.35,331.7,533.75,15.15,1036.65,1432.25,248.75,486.9,2820,339.2,285.25,73.65,268.2
606.05,511.2,1696.15,1033.25,261.85,749.95,9629.2,924.2,2626.95,851.7,585.7,60.35,170.8,656.15,999.6,92.05,247.4,129.2,328.35,555.05,15.05,1047.3,1408.55,244.05,494.35,2792.9,337.65,277.5,76.15,273.95
608.5,499.65,1710.4,1042.05,263.25,751.1,9729.55,921.05,2701.2,858.15,582.7,59.85,171.4,655.9,990.15,93.5,246.9,128.85,335.8,553.85,15.55,1057.45,1411.05,244.65,497.7,2786.6,339.25,277.9,71.2,278.45
611.5,498.65,1683.75,1033.55,262.3,744.65,9651.9,909.75,2645.6,852.45,590.85,60.35,169.75,648.95,998,97.15,247,127.15,339.75,572.65,15.8,1051.2,1423.75,245.95,489.25,2799.7,347.55,286.05,70.4,278.35
607.8,494.35,1703.25,1029.7,260.75,752.9,9554.05,911.15,2631.2,845.15,583.4,59.4,166.4,647.4,995.2,99.7,243.55,125.35,335.2,563.4,15.85,1045.8,1402.8,243.35,489.8,2785.1,338.85,280.6,68.05,273.85
606.8,490.1,1700.8,1021.3,261.15,754.9,9416.6,914.8,2638.65,856.3,587.65,59.5,166.6,643.6,1004.7,100.8,243.45,126.35,332.75,562.55,15.75,1055.9,1401.8,250.9,533.45,2751.9,342.65,279.5,68.9,267.3
616.75,496.7,1703.2,1015.4,261.55,756,9386.25,920.3,2657.1,892.9,588.55,64.4,176.45,645.7,1028.2,99.6,249.15,128.2,329.05,565.55,15.8,1097.3,1399,250.15,540.35,2716.45,349.2,279.1,68.9,268.3
615.15,494.4,1725.2,1012,262.9,756.35,9433.85,923.25,2689.2,909.7,611.5,63.8,176,646.35,1037.95,99.55,250.6,128.55,329.85,578.15,15.55,1109.5,1419,251.9,567.65,2731.75,344.3,277.9,67.95,277.75
615.05,497.4,1740.95,1036.05,265.6,759.9,9448.95,928.55,2714.4,926.1,620.95,63.2,175.7,638.65,1044.45,99.85,253.5,133.65,328.2,582.5,15.65,1088.7,1460.2,249.7,560.7,2659.4,348.55,295.5,66.3,271.95
615.6,500.95,1735.05,1041.35,270.55,762.45,9383.55,940.95,2709,932.95,624.7,63.2,174.65,648.6,1032.75,98.6,250.85,132.4,323.05,569.8,16.4,1127.45,1486.8,244.45,559.6,2574.3,348.25,289.8,66.75,283.6
619.75,496.1,1726.45,1052.25,269.4,759.85,9375.85,942.35,2806.6,917.6,615.85,62,170.65,629.3,1022.15,98.25,250,133.4,325.75,564.3,16.4,1114,1469,244.65,547.05,2475.5,352.55,287.55,65.1,280.75
612.35,495.5,1741.35,1075.8,269.8,766.65,9339.8,937.75,2790.5,906.9,617.1,61.95,172.75,625.85,1043.6,99.55,248.55,133.65,322.25,564,16.45,1113.9,1460.75,244.2,550.25,2731.65,354.6,284.35,66.15,293.3
612.1,501.15,1760.95,1078.45,267.55,767.5,9459.15,949,2776.35,903.8,614.15,61.05,174.2,633.95,1077.1,99.05,249.65,133.7,327.5,555.4,16.2,1124.5,1463.15,241.6,557.4,2700.05,355.05,281.6,67.95,299.4
610.25,489.25,1871.2,1081.15,267.6,759.2,9358.45,949.15,2746.1,918.25,616.9,62.9,172.15,632.45,1073.5,97.95,248.75,132.5,323.65,557.85,16.05,1128.9,1459.35,239.8,547.45,2579.55,358.35,283.45,68.85,297.15
601.4,478.4,1845.95,1122.85,261.7,746.7,9322.05,922.95,2850.85,889.4,602.05,59.6,165.55,623.05,1079.15,93.65,243.5,129.95,316.8,536.5,15.25,1092.85,1438.2,236,549.5,2553.5,348.55,266.1,69.85,303.25
607.15,480.55,1858.35,1152.1,266.05,745.35,9313.9,924.5,2888.95,893.1,608.95,60.85,175.55,628.25,1058.15,93.2,244.75,128.55,314.75,543.95,15.35,1108.9,1474.3,227.75,538.1,2515.9,352.15,267.35,70.1,302.7
603.65,468.5,1896.8,1152.7,273.4,759.25,9368.7,919.7,2918.2,885.85,590.15,60.15,170.5,600.45,1039,90.6,237.75,126,305.45,506.5,14.85,1062,1457.15,230.15,529.7,2493.6,341.25,250.1,70.45,291.15
602.75,468.75,1901.25,1143.45,274.55,765.4,9323.95,931.3,2959.3,891.45,612.5,60.55,176.4,618.2,1050.2,92.2,240.3,125.95,311.5,517.85,15.1,1081.9,1469.05,227.8,530.75,2455.45,346.6,254.5,71.5,303.8
601.15,457.4,1872,1150,273.65,759.6,9310.1,971.5,3116.4,909.75,631.05,61.1,176,624.95,1033.65,92.1,242.3,129.85,309.7,509.6,15,1102.45,1474.1,231.5,521.7,2552.5,339.2,257.85,70.95,311.3
622.35,470.8,1884.65,1177.1,276.6,769.05,9393.4,983.25,3102,905.7,613.85,61.9,185.8,625.55,1040.4,92.5,241.8,131.5,312.35,516.85,15,1123.8,1529.3,231.6,527.15,2856.9,332.6,254.35,71.25,311.25
618.3,484.95,1911.2,1185.8,281.45,755.4,9434.95,966.35,3174.6,886.9,578.85,65.35,194.65,611.1,1033.6,91.8,237.95,131.45,313.25,515.2,14.85,1124.35,1485.25,239.05,529.35,2822.9,337.5,242.3,69.2,313.1
621.4,493.75,1908.3,1175.4,281.25,757.8,9278.2,965.9,3121.05,884.1,595.8,65.1,180.9,615.1,1033.7,89.95,234.95,127.55,307.3,513.95,14.6,1074.75,1466.85,234.65,512.15,2853.7,339,233.7,68.1,299.2
615,474.35,1967.6,1182.9,275.65,764.35,9630.7,964.5,3198.85,896.2,596.25,62.8,173.95,615.45,1021.1,90.05,230.5,128.55,310.35,509.7,14.65,1109.55,1467.8,229.05,496.4,2849.1,321.15,239.25,68.45,303.15
605.95,476.1,1937.5,1170.65,275.2,764.9,9571.55,950.4,3152.85,884.15,588.45,60.85,172.65,609,1027.55,90.6,224.8,129.05,306.8,508.3,14.55,1078.95,1422.9,223.45,495.2,2731.6,324.45,231.25,74.8,304.9
592.15,478.6,1956.3,1150.25,271.4,763.05,9509.7,961.3,3112.35,869.55,582.2,60.45,171.35,605,1024.4,89,225.95,128.95,304.65,496.35,14.6,1049.7,1460.6,227,488.1,2707.15,321.15,228.15,73.6,301.45
587.05,486.25,1967.55,1144.6,275.3,798.75,9401.85,943.85,3138.6,831,568.35,63.65,167.55,607.05,1012.4,89.7,228.85,129.05,302.9,492.75,14.6,1017.7,1418.85,230,470.65,2800.7,322.9,221.55,74.3,297
581.15,466.45,1903.85,1143.25,275.35,770.25,8990.6,904.35,3153.65,822.2,519.45,58.65,161.85,572.55,953.15,84.8,218.95,117.05,289.15,449.75,13.6,933.3,1302.15,222.9,440.75,2711.95,309.65,191.75,71.15,275.75
580.1,462.35,1823.35,1138.2,279.25,760.5,9080.6,902.15,3103.2,802.3,509.8,60.4,163.7,596.1,953.6,85,205.9,117.95,296.75,446.2,13.3,931.9,1297.7,218.8,432.45,2660.85,303.1,222.55,69.55,273.1
564.25,452.6,1788.6,1107.75,273.5,751.8,8984.6,892.1,2997.25,782.65,505.55,57,161.05,586.1,935.75,82.8,200.85,114.95,290.85,431.45,12.8,885.9,1331.25,212.15,446.8,2622.75,296.65,230.2,69,273.2
569.25,460.3,1785.35,1109.05,275.15,747.1,8921.8,894.4,2955.05,783.65,500.2,57.7,156.55,599.75,933.1,84.7,203.95,115.15,292.25,431.1,13.05,919.15,1380.1,225.45,489.3,2882.15,335.75,235.8,69.9,283.65
612.65,461.85,1811.8,1134.25,274.1,752.2,9030.7,904.55,2974.2,800.75,513.4,61.6,159.35,600.2,1006.55,85.05,208.35,118.05,290.2,444.2,13.25,966.25,1414.15,238.35,510.15,2841.75,326.6,242.25,68.65,290.75
621.4,462.45,1773.05,1109.15,271.35,750.05,8936.1,897.85,2971.7,796.8,514.45,62.75,156.8,593.7,973.55,85.05,210.8,118.75,289.55,451.5,13.5,966.15,1396.6,245.2,537,2771.15,324.2,245.1,68.6,285.95
621.65,465,1805.45,1102.8,269.85,746,9117.85,915.5,2967.3,809.05,525.75,67.55,161.65,592.5,985.1,86.75,216.05,118.75,302.45,461.15,13.5,979.1,1412.75,246.8,514,2842.5,328.25,251.3,70.3,294.6
616.15,466.9,1814,1097.75,266.5,746.95,9001.6,933.65,2911.8,813.7,552,65.45,145.85,601.75,998.4,87.1,209.5,120,307.75,457.25,13.35,974.35,1405.5,238.1,513.2,2829.9,328.95,261.25,71.95,340.8
605.85,475.9,1829.5,1114.45,268.1,749.35,9020.25,935.65,2925.85,814.85,553.05,63.45,128.25,583.75,979.55,86.25,208.1,119.3,304.2,443.9,13.2,962.65,1403.9,229.3,499.8,2802.5,326.1,281.3,70.6,338.15
611.1,468.3,1815.5,1128.05,266.45,743.75,8836.95,921.3,2933.05,803.2,541.3,61.8,125.55,584.65,925.1,86.65,203.9,118.05,295.05,452.3,13.15,929.95,1402.3,222.2,505.55,2797.4,319.75,274,69.75,335.55
600.4,463.8,1814.05,1131.75,264.1,724.65,8724.85,927,2923.6,803.95,547.3,63.95,116.5,575.25,887.8,86.1,199,118.2,294.75,443.85,13,940,1391.9,219.65,506.5,2683.55,318.2,282.9,68.95,324.35
603.45,465.15,1811.75,1136.95,263.25,709,8722.65,921.1,2944.75,832.25,545.1,66.45,116.55,557.7,909.05,86.4,196.8,118.4,296.85,446.3,13.05,955.2,1410.25,222.65,502.5,2669.5,313.55,281.95,69.3,316.5
597.25,466.1,1824.8,1147.4,268.2,708.4,8782.75,929.35,3042.3,822.9,557.35,70.3,117.3,582.5,932.85,86.35,197.65,118.75,293.9,443.4,12.9,943.9,1396.85,220.6,502.85,2841,314,280.75,68.55,325.95
589.65,466.15,1819.25,1160.75,267.1,721.95,8634.05,924.35,3050.2,817.5,551.05,74.1,114.6,581.05,908.3,84.9,192.75,115.7,291.7,439.95,12.55,922,1384.55,219.6,500.35,2938.95,313.8,277.2,68.2,327.05
595.65,458.4,1824.2,1155.65,269.05,718.65,8698.8,934.25,3075.8,814.2,576.3,77.15,113.45,588.9,928.55,85.75,201.8,116.6,295.5,454.55,13,950.95,1370.15,221.8,505.6,3198.7,315.15,280,68.6,329.85
590.1,463.2,1843.25,1138.6,266.55,735.4,9005.35,938.7,3031.7,819.7,582.4,78.95,112,613.65,948.1,85.9,201.5,120.8,297,467.65,13,957.65,1361.2,222.8,529.1,3383.65,325.75,273.2,68.85,316.75
586.5,457.05,1828.65,1150.2,266.4,739.8,8891.2,950.5,3042.35,822.6,563.4,73.5,98.35,607.2,950.5,85.65,198.75,122.65,305.2,457.7,12.95,946.6,1335.5,221.85,540.1,3463.3,332.1,263.25,67.7,323.6
589.65,457.5,1808.7,1172.6,265.05,728.35,8850.95,954.55,3035.05,816.15,546.2,74.55,101.4,609.4,927.8,84.5,196.4,119.25,304.7,455.6,12.8,954.45,1320.45,219,527.55,3924.25,329.4,258.65,67.35,321.2
581.7,454.25,1814.15,1160.75,264,732.55,8873.45,948.4,3037.7,810.2,537.6,80.35,101.05,619,916.65,84.3,195.95,118.15,306.15,441.95,12.75,936.9,1305.35,225.35,536.95,4109.65,331.85,255.6,66.9,319.05
579.25,443.6,1789.6,1155.9,260.25,739.6,8795.1,924.1,3105.85,808.9,532.1,84.65,100.1,624.7,912.25,82.15,191.75,113.7,305.3,434.05,12.6,920.3,1267.65,222.55,546.55,3908,329.3,257.05,69.35,320.95
584.1,439.95,1782.8,1151.35,256.5,719.9,8616.5,910.85,3042.8,807.65,508.4,82.6,97.85,622.85,926.8,81.75,189.15,115.75,310.8,433.35,12.2,909.25,1284.9,225.35,567.95,3959.1,326.85,268.65,68.3,307.95
580.2,440.75,1761.75,1144.1,259.9,707.8,8679.1,889.75,3027.45,814.85,497.75,79.15,95.5,626.6,890.55,79.2,187.5,116.4,308.1,409.75,11.45,891.7,1288.05,227.55,552.8,3871.95,322.3,247.15,69.9,308.8
578,436.45,1798.75,1156.65,258.85,726.65,8729.35,911.45,3003.95,817.7,494.45,74.8,96.65,630.95,898.4,79.9,185.9,117.25,310.8,427,11.5,906.55,1305.1,228.15,564.75,3827.4,323.45,240.25,69.95,317.25
571.05,436.9,1818.6,1163.4,259.25,728.5,8660.6,913.1,3034.1,819.1,496.25,70.7,95.6,629.4,879.3,80,182.2,115.65,300.85,416.8,11,901.75,1320.95,226.2,565.8,3719.35,325.9,242.8,70.7,319.55
580.65,446.45,1858.05,1185.75,270.1,737.1,8810.3,930.3,3052.15,829.1,513.9,64.85,94.6,638.85,893,80.85,184.65,116.45,302.9,430.75,11.35,923.45,1324.3,226.7,576.55,3772.05,322.7,241.45,71,314.75
578.75,455.95,1868.5,1183.8,269.45,733,8756.05,931.85,2886.8,851.95,516.15,67.25,97.95,639.75,900.25,81.35,196.15,119.6,303.6,451.65,11.55,926.4,1322.6,230.05,611.7,3949.1,326.45,244.8,70.85,309.1
577.9,458,1844.7,1180.8,268.05,728.2,8846.3,929.05,2886.9,865,521.7,73.7,99.3,640.85,931.6,80.4,201.2,119,301.2,452.25,11.45,944.7,1327.1,225.3,621.3,4344,323.95,245.6,70.35,312.35
571.15,450.35,1830,1182.5,265.55,734.85,8837.55,911.8,2869.7,872.5,515.45,78.85,98.55,640.35,920.7,80.25,198.15,118.25,298.3,449.45,11.65,942.1,1312.25,227.9,612.45,4129.05,332.1,262.9,70.95,314.75
559.4,441,1791.4,1171.9,260.5,740.75,8676.55,900.05,2825.7,879.25,510.35,78.95,98.85,627.2,903.15,79.95,200.35,116.7,296.2,428.6,11.7,926.15,1292.9,226.05,586.35,4113.85,326.6,259.95,71,310.25
559.75,442.05,1774.5,1146.75,259.15,742.7,8773.5,895.5,2831,869,496.9,73.75,96.55,620.9,907.3,79.55,199.5,112.1,290.35,424.25,11.25,904.65,1267.75,229.9,557.55,4090.3,325.25,267.7,72,311.35
552.9,438.5,1800.05,1164.55,259.2,740.95,8802.4,889.8,2864.85,871.75,503.4,73.7,96.85,620.7,892.2,80.35,194.25,113.85,286.95,453.05,11.3,913.8,1262.6,232.4,553.35,3921.75,319.45,264.5,72.95,307.15
551.05,435.05,1817.85,1167.5,259.05,745.35,8874.65,896.9,2856.75,872.25,520.2,75.9,97.6,613.35,872.85,79.95,196.15,112.7,294.35,449.55,11.3,933.4,1232.25,246.65,550.7,4061.6,321.4,258.65,71.3,315.9
540.75,438.4,1809.55,1161.3,258.3,730.85,8696.55,908.15,2831.35,887.55,517.7,76.65,96.55,614.55,848.25,80,196.7,111.85,291.25,430.4,11.2,928,1233.4,245.05,535.2,3963.55,322.05,250.05,72.2,300.55
538.4,439.6,1789.6,1167.6,256,732.9,8607.25,893.9,2818.15,895.05,495.15,71.85,93.15,604.25,831.25,80,191.3,110.25,282,418.7,10.85,891.65,1228.15,239.35,532.15,3840.75,306,239.45,72.8,298.8
541.8,425.15,1830.15,1155.25,258.1,746.5,8765.3,901.1,2817,939.05,502.5,72.25,95.8,613.9,864.9,79.9,190.5,111.45,282.1,424.8,11.05,920.35,1226.4,244.3,561.8,3793.25,323.3,237.35,73.1,311.85
545.05,320.95,1823.15,1154,258.9,744.9,8852.3,899.8,2847.7,942.4,521.75,76.25,99.45,623.2,863,80.1,194.4,111.1,280.2,431.6,11.3,920.4,1243.55,244.95,572.6,3882.9,329.25,242.1,73.7,321.6
545.45,328.55,1825.6,1131.8,255.5,738.9,8861.1,882.7,2849.15,942.3,510.15,72.2,95.3,620.9,848.6,79,190.4,109.85,279.45,427.5,10.7,897.75,1215.25,248.45,564.1,3871,326.6,239.05,74.85,312.9
576.25,324.8,1838.05,1137.15,258.25,748.05,9008.2,892.95,2909.65,944.1,523.05,71.1,96.3,638.5,860,81.9,199,111.8,279.35,443.35,11.1,926.05,1233.1,256.15,574.7,3975.15,331.25,246.05,75.25,315
570.3,329.75,1825.7,1140.45,258.5,770.1,9026.45,899.55,2911.25,931.95,533.6,72.1,95.45,647.85,894,84.45,210.2,111.8,278.05,443.25,11.75,930.25,1248.15,263.45,620.45,4046.15,326.45,249.95,74.85,319.4
569.8,328.25,1803.3,1124.2,258.6,756.55,9013.5,894.9,2910.9,904.35,521.35,70,94.4,618,860.95,83.05,203,110.45,281.25,436.1,11.5,934.7,1260.55,260,609,3955.7,333.8,246.3,73.9,319.45
560.35,332.4,1824.45,1147.55,259.65,774.6,9132.6,908.2,2957.95,920.05,540.3,72.3,97,631.2,873.05,83.5,207.45,111.5,289.85,452.2,11.65,962,1256.2,262.15,618.15,4028.3,349.25,251.55,74.95,324.85
558.95,334.25,1829,1127,260.85,771.95,9206.2,911,2950.3,940.3,539.35,73.1,102.15,631.75,889.8,84.5,207.5,113.35,296.65,447,12,990.85,1246.25,261.75,604.7,4040.1,354.45,250.2,76.05,323.2
556.75,330.8,1836.7,1111.25,265.8,786.2,9292.65,916,2923.9,960.65,530.55,73.7,105.25,634.6,878.85,85,210.2,114.15,303.5,452.2,12.1,1035.8,1298.1,261.5,618.35,4569.1,357.35,262,75.65,337.35
558.15,331.95,1817.5,1113.4,266.7,777.6,9273.45,917.05,2937.6,962.25,535.4,74.15,105.2,633.55,878.05,87.1,212.5,113.45,296.05,462.9,12.2,1037.35,1290.1,260.4,622,4574.9,349.7,258.25,76.2,335.95
561.5,327,1812.4,1124.25,265.15,789,9302.5,930.85,3014.15,979.95,531,72.1,102.2,632.45,873.85,87,211.6,110.15,294.7,455.05,12.15,1042.65,1302.95,269.75,622.35,4474.65,351.1,255.3,78.3,332.55
556.15,326.05,1829.05,1162.6,261.95,787.85,9204.45,928.7,3139.25,976.05,527.4,71.35,101.25,638.8,862.2,87.85,210.15,108.8,289.85,452.65,12,1050.45,1327.65,265.8,618.65,4481.15,345.15,252,80.25,327.95
555.5,326.85,1840.6,1171.45,260.75,789.6,9123.95,938.85,3153.3,987.15,547.55,72.1,101.3,638.1,879.8,87.65,210.45,109.45,293.75,461.9,11.85,1065.2,1315.35,265.4,617.85,4383.4,346.7,249.3,85.8,327.05
584.95,324.7,1870.45,1133.2,264.45,801.45,9232,937.05,3187.65,980.5,573.2,72.15,99.15,647.1,888.9,87.8,211.35,109.25,295.75,456.9,11.7,1071.45,1330.8,264.7,618.7,4302.95,338.35,259.5,87.9,332.95
579.95,325.65,1889.7,1125.2,267.6,809.35,9160.35,944.25,3166.6,997.6,589.55,71.05,97.95,637.45,879.15,87.45,214.15,109.35,293.25,459,11.75,1051.75,1332,264.55,653.4,4463.3,340.95,263.45,83.25,334.8
584.6,330.65,1877.7,1125.95,275.35,798.3,9121.5,938,3159.1,977.1,593.15,69.95,97.15,643,899.55,87.65,211,107.15,293.05,460.05,11.9,1042.25,1324.15,267.05,649.4,4365.4,343.85,267.7,83,336.35
584.4,335.35,1858.65,1132.85,277.35,801.9,9077.65,942.3,3191.15,952.75,591.1,70.05,96.1,640.4,915.35,86.8,211.6,105.35,294.8,465.05,11.7,1053.35,1332.75,273.25,644.6,4386.7,348.25,280.05,83.65,332.9
589.05,330.55,1834.15,1178.45,276.2,799.5,9025,927.9,3402.45,956.55,585.3,67.2,93.6,635.9,885.4,85.9,208.85,107.75,294.4,448.6,11.5,1047,1317.4,266.9,643.65,4438.3,349.8,280.15,80.15,346.15
600.15,332.55,1830.85,1187.7,275.5,824.3,9064.85,936,3408.65,962.95,581.35,69.3,94.1,654.6,879.4,85.4,206.1,107.6,294.95,449.75,11.4,1044.25,1374.25,265.4,682,4443.9,353.45,282.95,80.65,358.25
601.9,337.75,1859.55,1154.5,276,838.55,9064.65,970.05,3385.65,961.95,584.15,67.45,93.15,638.8,868.2,85.25,206.8,107.9,299.75,441.1,11.25,1065.5,1369.05,271.75,666.55,4371.75,347.25,282.35,83.05,374.15
593.05,327.55,1849.5,1160.35,274.1,853.85,8934.6,970.5,3470.25,960.85,609.15,67.25,92.3,637.65,864.45,86.05,106.4,108.8,297.15,440.55,11,1132.4,1400.6,270.45,654,4125.35,337.9,283.9,81,365.55
599.95,325.35,1850.45,1176.45,278.25,858.15,8946.45,975.35,3539.25,969.5,621.45,66.6,91,629.85,875.35,86.05,104.65,109.1,295.35,441.35,10.65,1110.75,1397.85,271.2,650.95,3939.7,336.15,278.85,80.15,359.25
599.85,330.8,1853.75,1185.2,279.4,862.7,8783.35,996.3,3451.95,970,634.5,67.35,93.4,635.7,871.65,87.8,104.85,107.3,291.1,443.7,10.8,1102.5,1430,277.1,653.8,3863.95,324.75,291.05,78.35,358.1
607.4,325.1,1883.25,1199.5,281.45,873.3,8814.95,963.3,3532.1,981.8,641,66.15,95.4,642.5,879.8,88.3,104.9,108.05,287.7,451.2,10.9,1112.05,1441.7,284.25,656.15,3908.35,325.95,310.2,79,358.7
612,323.7,1910.6,1197.05,287.25,863.15,8744.5,972.7,3499.75,964.5,648.45,65.2,92.8,628.1,871.8,87,105.65,107,279.95,433.3,10.85,1119.1,1408.55,283.7,637.05,3905.3,323.95,296.85,79.85,354.1
609.3,323.15,1922.7,1182.55,285,865.1,8755.95,961.6,3481.85,959.35,631.5,65.1,92.05,615.1,858.85,86.15,103.75,105.05,271.25,413.6,10.55,1107.05,1449.5,282.05,639.85,3838.8,307.7,285.1,80.7,346.2
597,329.75,1910.35,1173.1,277.15,854.3,8678.2,953.95,3480.75,958.1,627.65,64.85,91.55,614.65,863.5,85.45,103.85,105.2,271.5,423.35,10.55,1109,1425.35,281.4,637.85,3714.2,307.05,300.55,80.65,336.7
591.05,343.8,1918.7,1183,282.25,885.6,8743.7,971,3420.95,968.95,627.5,65.5,93.8,627.55,883.15,85.1,103.6,105.6,266.4,449.6,10.55,1131.1,1434.65,281.85,663.9,3569.85,308.7,310.25,80,338.4
590.65,341.85,1903.35,1165.55,282.7,865.3,8775.2,967.1,3441.2,968.1,622.95,67.2,92.65,620.2,874.15,84.25,104.5,105.95,268.15,440,10.15,1116.6,1424.3,281.55,670.6,3634.65,308.15,313.85,83.35,358.6
588,341.9,1897.65,1170.7,282.3,860.1,8718.35,976.7,3489.3,985.7,625.15,68.6,93,614.8,870.05,83.35,103.45,105.9,267.6,426.3,10.25,1117.65,1437.15,272.75,659.7,3646.3,304.55,303.8,81.95,364.8
575.5,340,1894.3,1168,280.15,856.5,8704.95,981.15,3451.25,973.1,623.85,67,91.4,601.95,855.2,82,101.4,105.35,262.55,414.55,10,1086.5,1401.55,272.3,635.6,3595.2,307.15,289,80,355.25
573.7,342.6,1919.8,1180.75,283.65,869.1,8750.3,989.25,3456.95,956.05,625.6,67.05,88.8,618,868.5,81.9,99.7,106.1,266.5,415.9,9.75,1099.7,1417.9,271.3,624.8,3504.2,306.15,298.9,79.75,353.65
578.5,344.2,1930.6,1189.3,284.8,852.65,8707,986.6,3433.55,920,625.2,63.3,89.3,596.15,963.25,81.55,98.3,106.6,269.45,396.15,8.8,1071.75,1413.8,268.05,617.7,3476,306.15,289,78.7,347.9
575.8,339.45,1929.55,1194.55,281.85,847.05,8726.6,978.95,3482.4,931,621.6,62.3,85.95,597.75,967.15,81.25,98.1,105.45,269.35,386.9,8.8,1061.9,1415.9,264.95,608.2,3490.85,305.85,286.95,78.45,348.55
559.9,330.65,1914.55,1189.95,285.85,853.1,8695.6,956.15,3493.9,931.15,615.75,62.05,75.6,591.35,978.25,81.25,97.9,105.5,269.25,385.3,9.05,1069,1416.45,267.75,603.9,3407.9,279.9,281.15,79.2,348.75
553.75,330.35,1875.1,1182.9,278.95,849,8697.5,945.35,3491.8,936.5,617.5,62.55,76.45,583.2,974.85,81.65,97.95,104.1,273.2,397.75,9.3,1067.55,1411.05,265.8,594.8,3490.3,269,284.25,77.9,346.55
533.05,321.5,1853,1183.2,282.3,836,8510.95,933.85,3502.05,939.95,614,60.45,74.75,551.75,952.3,80.85,95.45,103.45,265.95,393.05,8.85,1045.25,1371.1,263.6,582.6,3267.3,259.4,270.85,79.4,341.65
520.45,325.65,1819.2,1179.5,282.35,825.95,8428.5,931.35,3556.75,915.25,614.6,62.05,78.15,543.65,939.85,78.8,93.05,99.85,259.4,396,8.7,1007.65,1336.55,243.85,596.65,3007.4,265.3,257.65,79.1,340.95
524,328,1810,1193.85,278.75,830.2,8560.65,926.75,3508.9,914.2,607.65,62.25,81.55,550.8,946.95,77.85,92.75,100.15,259.1,400.8,8.85,1013.95,1361.9,251.7,604.95,3168.15,270.9,262.25,78.75,346.65
532.4,322.95,1783.65,1184.9,273.45,831.8,8497.4,912.25,3495.1,920.1,601.15,66.3,80.55,544.8,936.85,77.45,91.95,97,262.7,407.2,8.95,998.45,1345.7,250,582.6,3155.3,270.55,257.65,78.1,337.75
533.5,309.5,1806.1,1221,274.85,843.05,8410.75,915.85,3603.7,921.3,601,67.1,82.1,531.45,935.05,76.45,94.45,96.75,252.95,407.4,9.1,993.95,1344.3,255.75,563.3,3147.45,270.8,258.6,76.25,345.4
536.65,319.15,1819.75,1228.3,272.3,857.7,8548.15,920.8,3585.8,924.4,615.05,65,83.35,537.65,950.05,81.2,97.8,97.7,257.5,418.25,9.1,1028.95,1343.5,258.7,566.25,3135.6,269.5,262.1,74.25,348.95
539.5,336.4,1829.55,1214.4,275.3,849.95,8709.3,920.4,3502.05,928.9,630,65.65,88.7,557.5,942.15,82.3,95.65,100.3,260.85,429.7,9.65,1054.05,1341.55,263.65,554.6,3174.45,277.95,268.95,74.6,372.85
530.6,342.95,1809.75,1216.7,274.05,870.25,8714.9,917.45,3523.5,914.5,624.3,65.15,85.65,543.5,940.2,83.5,94.9,96.7,268.85,426.8,9.5,1010.05,1343.4,259.7,549.65,3140.1,279.75,267.15,74.25,371.9
525.6,343.05,1790.8,1211.7,271.9,897.95,8588.2,916.1,3514.1,913.6,623.55,65.45,86.1,548.4,936.25,82.45,94.25,94.8,263.9,430.85,9.4,1007.75,1319.85,253.7,541.4,3077.15,278.4,271.95,74.05,368.4
524.8,350.9,1833,1231.8,271.65,922.95,8537.2,921.35,1741.05,900.1,613.15,65.3,83.65,539.95,917.6,81.3,92.1,92.8,265,434.75,8.75,981.4,1322.95,245,533.6,3019.75,279.35,241.05,75,372.65
524.5,341.35,1844.25,1220.8,269.95,901.6,8808.85,930.55,1732.45,900,609.9,63.7,82.95,532.9,886.55,79.6,89.8,91.65,265.75,426.9,8.4,975.25,1304.05,238.7,538.35,2868.8,273.7,237.25,74.45,364.45
520.7,335.05,1833.15,1239.4,268.9,914.5,8749.85,940.85,1744.25,885.35,601.6,61,83.2,532.8,920.5,77.2,86.4,90.4,267.85,430.25,8,951.15,1278.9,237,529.45,2725.4,258.95,231.75,74.4,352.55
542.1,334.7,1848.4,1220.85,267.5,901.3,8810.4,947.65,1721.6,863.95,604.4,58.1,82.65,518.2,902.5,78.8,85.3,91,260.1,415.4,7.85,951.8,1298.05,229.8,491.25,2589.15,248.05,220.2,72.95,316.15
538.45,332.95,1858.45,1237.45,270.4,914.3,8842.35,954.4,1725.75,899.45,604.85,57.3,84.7,530.4,901.45,78.1,86.75,91.3,262.9,427.15,7.9,978.1,1307.75,228.9,536,2510.95,250.75,215.5,72.9,309.1
540.7,335.25,1869,1252.45,271.05,920.3,8911.25,971.35,1735.55,887.15,616.85,60.95,86.1,522.95,928.9,78.35,86.85,94.25,262.85,441.95,8.2,978.25,1332.15,237.05,536.35,2636.45,253.25,226.25,71.65,327.35
559.65,342.4,1840.45,1260.05,267.9,911.65,8932.45,984.35,1747.1,896,623.2,61.95,90.45,529.8,921.15,77.95,87.25,95.7,279,438.8,8.4,985.35,1407.95,238.9,524.4,2630.25,253.65,226.2,71.25,334.2
560.8,343.55,1839.45,1262.4,269.25,916.85,9022.65,982.65,1749.7,903.35,619.3,61.45,91.6,524.7,918.1,78.4,87.7,95.5,276.75,437.5,8.5,985.4,1401.2,235.35,527.6,2573.8,260.15,226.35,71.35,332.3
567.1,343.3,1847.7,1258.5,270.25,917.6,9016.75,997.15,1781,904.7,621.75,61.5,91.75,533.25,938.1,77.8,89.9,95.6,273.4,440.1,8.25,989.5,1426.6,237.4,537.9,2482.6,263.75,222.3,70.25,336.1
582.1,344.85,1832.3,1274.8,267.85,917.65,8967.35,1002.5,1824.1,918.15,629.4,62.05,91.3,524.7,932.75,77.05,87.5,94.3,267.8,439.65,8.15,987.6,1417.8,243.4,528.55,2418.05,261.95,220.9,,328.25
588.05,339,1833.75,1239.7,267.25,922.05,8958,1007.95,1787.55,905.25,625.55,61.85,91.7,526.15,912.25,77.3,85.3,94.5,267,435.55,8.15,997.8,1421.1,240.1,533.5,2538.95,264.95,219.7,,322.9
611.6,334.9,1832.25,1281.25,264.5,909.45,8951.6,1014.2,1840.05,903.45,625.55,59.4,89.85,519.65,908.25,76.1,84.9,89,263.2,431.95,7.95,985.75,1407.7,235.9,537.6,2665.85,260.5,222.85,,323.4
606.5,338.1,1823.55,1267.4,264.55,913.9,8973.45,1015.55,1829,897.7,621.5,59.3,88.5,521.1,883.05,75,86.25,90,259.3,432.35,7.9,986.9,1377.1,232,538.15,2731.65,264.15,222.3,,318.45
601.85,342.75,1828,1241.6,266.05,891.4,8862.6,996.05,1824.5,889,613.95,58.75,86.8,516.35,861.9,73.4,84.5,87.7,251.95,423.7,7.75,961.55,1365.25,224.95,536.55,2596.35,260.1,220.65,,313.35
602.85,343,1847,1243.15,263.75,904.4,8948.3,1019.25,1822.45,888.35,628.85,58.95,86.2,523.2,839.4,73.85,83.4,87.3,253.25,441.4,7.75,968.65,1372.55,221.8,537.15,2589.95,261.4,222.9,,319
603.5,339.3,1858.9,1246.55,260.85,883.6,8863.05,1031.95,1819.35,868.4,632.15,57.75,83.4,517.1,840.2,74.55,82.8,88.15,255.05,424.05,7.65,953.7,1361.7,224.7,531.6,2508,272.35,220.05,,316.1
615.75,340,1906.75,1247.85,265.15,908.2,8874.9,1012.5,1809.8,877.55,637.75,58.9,81.9,517.35,836.1,76.15,82.9,88.25,255.8,425.7,7.7,961.05,1350.4,227.8,545.2,2633.4,266.5,225.05,,316.4
611.4,341.2,1893.8,1272.45,262.6,905.6,8793,1004.45,1819.25,864,634.8,58,79.8,515.1,804.65,76.35,81.8,90.4,257.05,420.4,7.85,956.3,1351.7,226.55,538.3,2610.5,263.1,222.55,,322.2
599.5,341.75,1915.85,1277.85,264.8,898,8931.35,978.95,1852,872.15,643.65,54.45,79.85,529.25,810.9,75.1,79.9,90.4,261.9,418.65,7.7,954.85,1348.5,227.95,532.35,2591.8,260.05,220.35,,317.65
602.3,328.8,1904.85,1270,262.75,892.65,8898.3,965.85,1858,869.65,643.1,50.7,76.75,535.25,801.05,71.9,73.35,87,253.6,395.4,7.5,909.45,1367.95,227.65,524.3,2466.8,260.4,218.9,,307
600.9,319.55,1878,1289.6,260.5,907.75,8771.3,944.95,1842.7,836.35,636.05,49.85,72.8,511.5,779.05,71.65,72.35,77.6,242.3,396.75,7.4,892.55,1392.25,212.85,529.1,2343.5,252.3,215.7,,304.2
616.65,340.25,1908.1,1307.2,266.2,897.7,8825.6,972.45,1847.75,878.5,637.55,54.9,76.15,523.8,782.3,73.25,74.95,81.05,254.3,391.75,7.5,916.9,1374.3,228.55,543.6,2346.85,251.5,220.5,,313.05
617,341.1,1897.1,1334.7,263.05,886.65,8821.05,960.6,1851.35,897.4,620.1,56,78.15,514.95,781.95,72.25,73,78.75,255.85,384.15,7.35,893.2,1366.2,226.75,523.45,2238.65,252.5,216.65,,306.35
640.4,345.3,1879.7,1353.75,265.45,894.2,8975.15,971.3,1874.05,893.2,624.55,52.45,77.15,525.95,793.1,72.2,71.3,78.5,261,387.5,7.5,890.7,1376.4,231.6,525.65,2214.35,249.45,216.4,,300.35
628.9,348.35,1922.5,1345.2,264.4,900.1,9220.8,990.1,1866.15,886.55,623.15,51.75,76.1,525.4,792.85,72.05,67.7,77.8,257.05,381.4,7.55,893.55,1378.35,228,522.05,2325.05,247.15,95.05,,296.85
626.55,346.05,1931.05,1284,272.5,912.35,9347.05,964.5,1880.3,838,624.55,48.1,75.55,517.05,770.8,71.25,68.85,76.5,254.8,382.45,7.35,883.25,1376.65,232.55,518.85,2326.5,244.25,104.55,,286.5
612.5,344.2,1916.85,1284.25,272.65,924.95,9317.5,977.55,1912.95,829.65,617.95,48.25,76.95,520.65,794.1,71.75,67.85,78.35,256.3,384.85,7.5,893.45,1371.5,230.3,519.8,2309.55,242.2,115,,283.55
622.9,347.4,1904.9,1298.85,274.4,932.75,9374.9,997.1,1883,821.8,621.3,48.8,77.8,534.65,812.9,73.2,69.6,78.55,265.9,404.7,7.5,900.15,1378.25,238.9,523.3,2320.3,245.65,120.75,,282.1
632.05,363.95,1942.55,1301.4,277.05,930.55,9531,1025.7,1875.1,832.85,610.15,53.35,77.85,534.15,809.35,73.05,70.15,78.9,262.85,402.85,7.6,923.65,1411.6,240.85,551.25,2368.3,245.5,115.7,,275.9
625.3,357.3,1928.1,1320.45,275.75,931,9384.7,1038.8,1979.9,809.5,608.1,57,75.55,539.25,800.3,72.2,68.6,76.85,261.1,394.1,7.5,900.7,1389,239.95,541.55,2354.8,238.8,109.95,,277.05
633.35,356.6,1962.7,1294.35,277.2,915.8,9347,1082.35,1971.35,808.45,616.2,56.15,76.1,546.3,787.8,69.5,67.55,80.45,262.3,387.25,7.5,899.55,1396.1,164.45,564,2296.3,235.1,111.1,,316
626.7,356.85,1972.5,1317.4,270.4,906.7,9431.05,1099.8,1981.1,838.7,605.5,57.3,73.85,534.75,785.75,70.15,65.45,78.1,252.9,384.8,7.4,885.6,1211.2,160,550.35,2181.5,229.95,116.65,,339.55
620.95,355.8,1991.2,1332.85,271.6,900.35,9385.3,1076.2,1989.2,831.2,588.65,56.45,73.85,529.1,744,68.95,61.5,73.75,263.55,367.85,7.05,827.95,1154.15,153.2,524.2,2072.45,233.35,118.9,,320.5
637.45,358.7,1989.3,1327.9,269.85,922.45,9445.4,1092.35,2002.15,845.15,614.9,58.15,78.7,545.5,764.2,70.9,62.95,80.6,265.1,385.5,7.2,838.5,1160.6,152.05,524.55,1974.9,234.35,122.15,,332.5
627.4,359.05,2009.45,1322.55,268.55,902.45,9366.8,1092.55,2000.25,846.2,619.45,56.65,75.2,536.95,779.05,70,61.8,78.05,266.8,377.95,7,816.95,1106.3,145.75,525.15,1880.5,228.35,123.05,,327.7
610.1,357.8,1988.4,1316.7,273.3,913,9389.1,1104.85,1981.4,869.85,618.6,56.85,75.3,535.9,754.25,68.2,63.15,77.95,274.55,378.2,7,820.7,1136.35,148.8,524.45,1870.5,231.45,119.95,,331.25
625.8,359.8,1973.85,1348.1,274,909.75,9398.95,1128.65,1996.6,860.4,615.55,58,75.55,552.95,761.4,67.85,63.45,81.95,278.65,386.75,7.1,800.3,1151.05,144,544.05,1963.15,236.3,116,,332.2
634.1,358.8,1966.85,1355.95,284.15,910.4,9701,1120.3,2005.65,858.75,610.15,57.6,78.95,573.75,781.4,68.05,64.95,80.7,281.25,396.5,7.45,817.3,1152.7,147.1,574.2,2002.2,237.85,114,,336.4
627.35,365.8,1975.55,1377.15,285.65,920.4,9832.45,1110.95,1999,861.65,615.15,59.5,79.3,585.2,787.6,67.8,68.05,80.45,282.4,399.25,8.4,836.5,1172.6,146.95,631.05,2102.3,250.2,109,,347.8
623.9,364.65,2000.85,1383.75,286.15,910.1,9758.95,1115.15,1981.5,865.9,612.65,58.9,79.25,570.5,765.45,67.8,67.25,79.9,294.95,398.25,8.05,847.25,1138.5,148.35,631.9,2068.05,250.35,108.9,,350.5
627.85,370,2023.4,1373.25,287.2,913.6,9396.25,1110.65,1964.7,854.5,623.15,58.8,80.85,568.75,766.75,70.85,67.35,78.95,295.05,401.95,7.8,838,1119.15,146.25,596.8,2093.4,248.4,108.05,,349.95
636.2,378.5,2047.25,1373.45,302.55,909.85,9310.4,1129.85,1943.75,884.1,615.6,60.1,82,574.2,773.85,71.85,70.2,80.8,295.3,407.9,7.7,852.95,1115.3,148.95,609.3,2122.65,249.6,105.1,,352.6
634.3,377.75,2028.75,1351,301.05,933.25,9381.9,1151.4,1944.6,892.05,614.85,59.8,85.9,568,774.5,73.85,71.3,82.95,297.9,395.4,8,850.15,1128.2,151,608.55,2114.45,249.9,101.3,,347.2
641.35,375.15,1994.85,1365.1,297.7,935.95,9520.55,1186,1940.2,912.35,600.5,58.85,85.1,567.95,772.3,74.55,70.55,80.95,303.95,398.95,7.8,836.05,1103.4,147.8,612.45,2220.15,250.4,104.95,,344.9
639.15,375.35,1970.15,1354.05,301.6,929.75,9341.6,1192.35,1976.5,917.35,590.9,62.15,87.4,569.45,792.6,73.05,70.8,82.6,313.55,382.95,7.7,801.5,1115.8,146.15,607.55,2250.6,244.45,101.6,,354.75
638.5,377.65,1931.95,1353.65,299.2,911.3,9142.4,1168.35,1948.4,921.5,602.35,62.25,85.15,573.05,799.3,71.95,74.8,84.65,316,402.15,7.95,793.05,1101.55,145.85,596.3,2700.7,236.55,99.1,,337.7
641.05,388.2,1977.5,1364.1,303.95,920.65,9187,1176.95,1979.45,919.2,625.7,61.85,88.15,574.65,805.5,72.35,76.65,84.3,310.3,401.4,7.9,802.55,1177.2,145.85,604.6,3169.2,239.45,97.6,,330
637.95,376.35,1979.3,1360.65,301.8,932.4,9286.4,1192.6,1975.55,901.65,622.35,63.2,90.05,577.9,807.75,71.85,78.3,83.2,304.6,413.3,7.3,812.5,1202,147.55,618.05,3317.85,242.95,95.8,,323.9
629.45,374.7,1978.6,1367.95,301.1,927,9411.5,1184.2,1967.35,927.25,612.45,61.9,82.85,575.75,813.8,70.3,76.8,81.75,298.3,413.4,7.15,797.15,1226.45,147.8,618.85,3072.8,242.25,95.55,,317.55
632.55,377,1984.6,1362.75,300.95,928.3,9207.4,1217.7,1974,935,610.5,62.25,80.45,592,819.15,69.45,74.65,80.55,291.4,418.7,7.1,778.8,1246.75,145.85,623.95,3014.2,246.2,92.2,,314.4
619.15,375.55,1969.95,1379.95,302.5,933.2,9146.05,1217.95,1974.35,915.3,616,63.1,83.4,593.15,830.55,69.9,77.35,83.8,303.3,419,7.45,790.25,1279.45,144.4,627.45,3140.55,242.35,89.85,,322.25
621.05,362.95,1974.3,1385.45,304.8,945.95,9148.25,1204.2,1993.1,920.1,611.35,61.85,83.25,621.05,826.2,69.35,75.65,83.75,299.6,408.4,7.35,788.45,1316.05,145.3,606.6,3111.7,236.55,85.95,,324.05
628.3,375.45,1947,1408.75,305.95,954.5,9080.85,1187.7,2000.15,913.65,622.25,60.45,80.4,620.85,762.7,68.75,71.45,81.95,290.15,406.45,7.15,784.25,1283.5,140.85,557.4,2990.55,232.4,90.2,,333.85
642.75,379.8,1941.5,1408.3,307.9,950.45,9132.6,1210.6,2003.55,925.6,658.2,60.35,79.9,613.75,778.95,68.75,72.35,80.85,285.05,408.85,7.15,764.7,1313.55,138.4,558.65,2996.6,227.35,94.7,,326.8
648.35,393.8,1891.2,1429.55,307.45,951.25,9200.55,1200.8,2008.5,919.45,648.35,61.4,81.55,607.85,785.25,67.15,75.3,80.1,276.95,402.8,7.2,771.4,1291.7,135.05,540.05,2975.55,226.4,99.35,,356.95
646.9,387.7,1885.65,1430.35,313.75,961.5,9152.1,1203.75,2012.75,941.55,670.35,62.3,83.45,616.3,788.95,68.65,74.3,81.05,276,416.05,7.25,795.6,1306.15,143,545.2,2962,226.05,104.3,,364.8
643.85,379.05,1920.05,1384.25,313.3,969.55,9074.35,1234.9,2009.95,921.7,671.95,62.5,84.2,620.7,792.65,70.05,73.75,81.35,283.95,426.9,7.2,779.6,1331.4,144.45,548.35,2876.8,227.6,109.5,,358.35
650.25,378.1,1913.35,1383.95,312.9,957.8,9113.3,1247.2,2017.65,916.3,665.85,63.4,83.65,612.6,799.1,72.25,74.25,81.4,285.3,419.95,7.25,783.85,1305.85,141.55,543.95,2977.1,226.15,114.95,,361.1
657.95,384.2,1906.3,1397.4,312,963.1,9223.3,1269.45,2035.1,911.9,659.4,62.1,84.5,608.5,796.15,72.05,71.45,82.7,278.9,410.05,7.15,801.85,1319.9,141.05,559.15,3018.1,227.55,115.75,,358.05
651.2,380.65,1919.05,1378.3,310.4,968.3,9163.8,1277.5,2043,885.35,658,61.45,85.8,612.5,769,71.75,72.6,82.55,278.9,409.9,7.15,806,1322.9,138.05,565.7,2930.85,230.5,113.15,,350.9
659.6,383.35,1924.85,1415.4,313.4,976.45,9245.25,1291.5,2050.9,890.9,656.65,61.3,85.25,623.55,768.85,75.6,73.25,84.4,285.65,421.8,7.1,820.15,1321.8,141.85,553.55,2869.25,228.95,114.2,,354.25
648.3,364.25,1955.15,1424.7,311.65,980.5,9427.95,1319,2069.2,888.3,666.8,60.85,82.9,629.55,771.8,74.85,72.45,81.95,282,423.9,7.15,824.4,1333.65,137.45,542.1,2820.45,224.7,109,,350.6
643.5,367.45,1956.25,1410.1,312.8,983.85,9368.1,1294.2,2072,882.8,666.45,60.95,84.15,627.35,768.05,76.9,72.6,80.9,288.1,439.3,7.2,826.9,1365.7,137.2,543.7,2858.75,224.95,110.1,,349.3
649.45,376.2,1934.15,1416.2,319.85,982.95,9205.8,1274.45,2082.4,878.35,665.35,60.95,85.1,623.7,765,76.1,72.25,81.4,290.5,463.95,7.05,846.65,1369.3,137.7,544.95,2818.25,221.3,111.4,,348.45
662.15,372.2,1935.95,1441.1,319.85,965.3,9096.4,1241.65,2078.4,891.9,667.65,62.7,88.15,614.8,766.2,76.7,72.05,80.85,290.4,477.95,7.15,843.25,1372.75,138.25,566.7,2770.9,223.35,114.15,,353.6
649.1,368.3,1944.8,1434.25,313.2,947.8,8902.15,1229.15,2052.9,912.75,679.25,61.15,86.35,601.7,778.15,78.2,72.9,79.75,290.3,472.95,7.15,839.25,1382.65,139.35,570.55,2762.65,222.35,113.75,,345.75
643.9,359.45,1954.8,737.15,309.6,931.75,8868.5,1241.95,2098.9,880.9,651.75,59.75,83.15,600.7,723.55,73.35,69.2,76.9,282.5,452.85,6.9,805.75,1339.35,133.95,545.4,2735.65,219.1,115.75,,353.25
646.55,362,1937.4,729.9,310.25,929.4,8896.1,1227,2079.25,863.9,646.5,59.3,83.1,588.5,720.3,74.9,67.95,73.8,272.4,479.55,6.9,788.15,1324.8,134.6,536.7,2633.1,211,112.45,,360.15
662.1,365.6,1956.15,727.15,310.8,934.95,8759.85,1261.4,2075.3,867.15,648.6,59.15,83.25,596.25,697.8,75.05,67.8,77.15,273.95,469.75,6.9,795.85,1340.5,133.55,539.2,2630.85,210.55,110.15,,372.8
664.75,377.2,1920,732.8,310.45,973.7,8719.2,1278.6,2079.85,867.45,647.75,59.85,84.4,599.35,694.95,75.2,71.05,77.85,276.05,473.55,7.05,807.9,1366.15,136.85,534.8,2657.35,207,111.1,,367.25
668.05,377.7,1883.55,730.85,306.55,937.35,8639.4,1255.85,2080.75,857.55,632.3,57.85,82.7,583.3,691.35,73.8,68.95,75.95,270.9,465.6,7.1,788.6,1343.9,136.05,532.85,2617.3,195.55,110.9,,361.8
654.9,372.15,1868.05,734.3,297.2,943.15,8517.05,1237.7,2046.25,820.75,611.7,57.4,81.7,575.6,666.7,74.45,67.25,74.2,264.85,457.2,6.95,779.1,1352.85,130.65,525.75,2595.3,198.9,111.1,,367.95
656.45,370.1,1877.8,742.9,306.8,938.15,8493.95,1252.5,2043.95,826.45,610.15,57.7,81.15,586,680.35,74,66.85,72.85,269.7,440.15,7,783.4,1391.55,128.9,530.05,2543.9,204.15,110.1,,372.15
666.4,369.95,1925.45,733.7,307.15,951.9,8626.7,1253.15,2065.4,842.6,614.2,58.5,82.8,617.25,687.95,76.2,68.3,74.05,272.1,452,7,794.35,1379.1,122.3,539.8,2555.65,208.55,115.6,,394.4
664.9,372.55,1878.85,725.95,302,950.85,8537.8,1225.9,2074.15,823.45,610.2,58.15,83,598.65,674.85,77.9,68.45,78.65,270.85,447.3,7.65,798.8,1396.3,115.65,541.9,2811.2,212.1,118.15,,409.8
663.7,374.8,1855.7,719.1,303.25,946.55,8399.15,1217.15,2070.75,824.9,610.55,56.25,79.3,578.65,672.5,74.6,67,73.65,261.05,427.85,7.3,785.55,1339,116.05,532.6,2716.45,205.35,118.6,,405.5
660.6,384.55,1830.65,719.75,299.65,948.9,8210.35,1210.75,2077.9,823.6,610.55,57,79.25,567.85,655.15,75.55,64.8,74.95,256.35,386.45,7.15,774.95,1338.35,117.3,526.5,2676.3,199.5,124.5,,413.4
653.2,390.15,1839.4,705.3,303.95,959.9,8040.15,1217.5,2103.15,800.6,350.55,56,72.85,562.85,664.1,72.9,64.9,75.05,250.1,343.7,6.75,752.45,1344.05,113.05,516.1,2563.7,197.7,127.7,,388.5
645.6,380.9,1718.7,718.25,297.95,896.05,7793.05,1232.05,2198.45,791.1,393.9,52.7,69.2,568,632.55,69.1,62.7,74.2,257.3,329.45,6.5,727.3,1287.35,113.1,516.35,2541.25,190.7,123.75,,380.1
661.75,369.9,1773.35,726.2,301.15,893,7999.45,1230.6,2183.2,796.85,299.45,51.9,66.95,577.25,639.9,70.3,63.85,72.8,264.75,318.35,6.2,721.25,1253.65,116.8,503.05,2504.55,187.15,120.5,,382.25
672.8,375.1,1767.45,717.85,293.15,893.35,7842.55,1251.4,2142.15,814.7,305.45,52.5,67.05,571.55,635,70.25,64.1,75.1,267.75,321.15,6.2,727.55,1285.4,113.9,491.9,2458.15,186.9,120.35,,382.65
659.35,377.7,1729,724.8,293.3,877.45,7553.05,1253.75,2188.85,821.45,290.2,48.85,62.5,536.15,620,68.6,61.65,74.7,257.15,303.75,5.95,701.65,1255.1,110.3,491.55,2401.4,190.15,117.2,,371.1
654.05,379,1754.5,730.05,297.75,860.95,7347.95,1257.95,2183.7,805.6,274.95,50.2,59.7,532.2,614.25,65.85,58.5,71.8,242.95,300.2,5.45,663.4,1201.75,104.35,502.55,2185.1,180.55,118.25,,369.55
654.15,381,1806.35,746.65,297.1,847.6,7463.95,1231.7,2255.55,809.75,318.5,54.1,63.2,536.4,653.65,67.95,58.7,69.5,247.6,299.1,5.65,668.6,1224.9,106.6,500.5,2160.65,176.2,116.75,,359.5
654.55,381.75,1797.55,728.5,295.2,791.6,7246,1205.1,2162.85,794.5,317.65,55.65,64.65,529.7,628.5,67.5,57.6,71.85,241.2,301.75,5.9,667.1,1227.85,110.85,495.7,2169.8,178.1,112.3,,353.85
638.4,367.95,1778.45,707.2,287.1,794.7,7198.75,1122.25,2064.8,776.7,297.3,56.95,64.8,515.5,638.6,66.85,56.75,70.5,235.35,297.1,5.7,660,1199.55,107,496.25,2105.2,172.75,106.75,,329.8
636.65,332.05,1708.65,724.6,276.5,769.55,6904.35,1048.85,2102.65,792.1,275.15,57.4,63.85,506.45,610.55,62.85,53.5,64,221.7,289.6,5.5,656.35,1168.3,103.5,488.75,2071.95,161.7,106.95,,316.05
638.8,343.9,1667.7,714.45,273.2,774.85,6889.75,1109.4,2077.55,813.55,223.1,58.65,62.85,479.15,619.65,61.5,54.3,64.45,220.95,286.7,5.5,632.9,1179.8,97.55,477.55,2118.6,159.65,107.05,,319
639.35,333.5,1712.75,717.75,268.5,764.8,6699.45,1090.05,2091.8,749.5,245.05,58.8,62.65,484.65,610.7,60.95,52.7,63.45,224.1,295.65,5.35,600.45,1208,106.55,495.1,2081.45,159.35,112.3,,318.95
639.6,336.35,1736.95,700.45,270.1,764.1,6985.85,1102.1,2043.6,788.55,284.5,59,66.3,515.55,643.55,65,54.95,69.95,235.6,310.5,5.75,651.7,1297.2,107.5,508.25,2331.3,169.3,114.4,,334.45
616.2,350.25,1684.55,673.35,265.2,730.15,6875.5,1087.8,1979.95,778.9,289.65,58.8,64.3,498.3,636.5,62.25,52.5,77.5,229.75,300.85,5.55,632,1257,108.95,491.3,2196.25,169.35,115.05,,321.85
622.9,359.3,1730.3,678.8,275.2,768.5,7287.2,1126.55,1918.3,805.15,292.25,59.05,66.5,510.4,653.95,68.85,53.4,83,241.7,329.2,5.8,662.9,1323.95,115.35,498.65,2279.2,176.4,109.3,,321.1
647.85,351.05,1732.9,698.8,282.5,749,7182,1139.75,1949.5,807.2,281.6,59.35,67.55,500.15,649.45,71.25,54.25,82.25,241.15,327.55,6.2,672.9,1310.05,115.9,502.85,2576.45,177.9,103.85,,337.9
639.75,352.3,1756.25,695.25,282.65,777.7,7150.9,1163.8,1962.3,810.6,268.8,59.5,69.95,508.65,670.45,73.8,56.4,84.8,247.1,335.45,6.45,673.35,1341,116.2,531.3,2608.75,206.05,111.55,,342.55
640.45,345.35,1737.8,705.35,286.45,759.4,6885.6,1151.3,1929.4,800.1,235.9,59.2,66.5,500.65,654.1,72.55,56.3,81.2,242.25,316.55,6.05,639.75,1314,113.95,515.15,2475.25,187.1,108.2,,344.2
633.8,344.3,1660.25,683.55,289.45,741.2,6756.45,1101.3,1913.2,788.7,210.55,59.35,66,507.15,640.9,70.15,53,84.15,247.6,332.75,5.9,640.15,1290.35,112.55,501.7,2431.35,189.05,103,,316.2
629.65,342.3,1658.3,679.95,288.5,733.75,6812.2,1062.65,1903,774.8,188.4,59.25,65.7,500.85,641.3,69.6,53.3,83.4,242.5,327.25,5.9,627.55,1299.15,110.15,492.35,2404.05,172.25,105.35,,306.45
622.35,340,1686.75,657.6,286,729.95,6771.3,1054.7,1843.65,778.2,192.9,59.15,64.75,509.85,632.2,69.45,52.85,83.4,238.5,322.6,6.15,617.95,1279.65,110.55,490.25,2408.1,166.7,105.9,,289.5
621.3,342,1741.45,649.8,287.75,736.25,6768.3,1045.75,1848.5,791.6,190.3,59.15,65.8,524.75,648.35,69.25,53.25,83.6,249.85,342.8,6.1,643.1,1283.25,110.75,495.1,2388.8,169.95,105.6,,275.3
609,339.75,1694.45,648.75,287.55,733.75,6723.2,1030.8,1853,791.25,183.85,58.9,65.65,526.7,615.4,69,54.85,83.25,254.1,341.95,6.05,618.3,1284.05,112.6,482.5,2322.65,169.9,102.75,,269.65
603.7,341.35,1702.1,633.6,280.9,728.2,6717.3,1044.9,1799.1,806.9,184.1,59.45,66.15,506.95,620.1,68.9,51.75,81.35,250.45,331.7,6.05,692.2,1295.1,108.95,472.9,2325.6,169.2,101.6,,274.65
635.15,352.1,1698.4,644.75,283.5,749.5,6798.7,1087.8,1871,829.75,185.2,59.6,70.9,522.1,649.35,77.6,52.75,82.95,250.8,351.05,6.3,745.35,1317.4,107.9,462.75,2438.2,171.55,105.05,,282.75
610.35,360.25,1671.9,659.6,278.95,746.3,6697,1057,1894.8,830.5,207.1,59.7,72.55,519.5,651.45,77.75,53.4,80.25,252.9,350.55,6.25,745.65,1340.25,110.7,472.5,2485.7,173.85,107.45,,286.5
629.25,374.25,1769.25,686.4,280.1,765.95,6616.4,1061.25,1938.15,844.6,225.1,59.2,73.65,540.25,650.75,76.55,55.25,81.7,267.3,358.65,6.25,752.55,1362.35,113.8,484.6,2493.45,175.05,111.15,,308.55
615.4,367.85,1762,666.7,277.4,756.05,6711.75,1056.25,1935.75,854.45,231.55,59.35,74.3,532.6,672.3,76.35,58.45,82.55,279.25,360.75,6.25,764.6,1368.85,116.55,505.5,2517.1,178.6,115.05,,310.75
607.1,369.75,1824.4,662.25,283.25,783.55,7135.45,1074.9,1913.45,871,231.4,59.15,69.05,548.5,663.2,76,58.85,82.7,281.85,375.45,6.3,758.65,1394.4,118.65,498.55,2822.9,179.25,113.85,,308.6
563.05,372,1792.9,666,279.6,775.45,7177.25,1090.3,1890.85,863.7,220.35,59.75,70.4,540.2,618,75.3,62.55,80.5,284,359,6.3,758.05,1421.15,120.55,505.7,2432.1,174.7,110.95,,312.5
530.8,375.15,1805.9,666.45,277.3,778.4,7075,1104.1,1932.7,846.25,228,59.3,70.6,523.35,607.55,75.65,62.2,82.55,272.6,357.9,6.1,750.8,1404.8,123.1,501.7,2401.6,171.45,108.6,,320.4
533.35,375.15,1815.85,675.5,280.05,792.9,7127.9,1110.7,1942.15,850.15,230.5,59.55,70.95,513.9,609.8,75.95,64.1,83,274.75,359.4,6.2,755.15,1417.45,123.05,502.25,2417.6,174.3,110.3,,329.75
526.95,367.35,1816.1,659.5,277.25,795.25,7283.5,1093.45,1909.2,847.65,232.65,61.2,71.65,538.9,623.8,75.9,65.65,82.75,275,354.6,6.2,766.05,1446.75,122.25,502,2378.7,177,114,,335
531.85,364.75,1795.9,664.2,273.85,780.9,7087.8,1080,1914.85,894.75,241.55,60.4,70.5,535.45,618.05,74.55,66.4,80.8,275.4,349.85,6.05,765.85,1387.25,122.95,499.45,2375.15,172.3,117.7,,338.1
528.1,365.35,1824.7,665.7,276.85,790.05,7150.45,1099.45,1934.95,897.5,237.2,59.95,70,543.8,611.3,76.05,65.55,81.5,272,357.05,6,772.3,1397.15,132.95,503.7,2333.35,171.7,122.3,,335.05
519.55,352.55,1839.15,653.2,276.45,769.6,7369.05,1097.95,1880.65,892.2,238.9,60.6,70.75,542.35,613.75,77.95,65.55,81.7,270.35,350.7,5.8,765.05,1419.7,128.6,500.75,2309.1,166.95,118.45,,335.25
519.15,347.55,1853.6,656.4,274.5,766.5,7478.3,1096.85,1872.85,920.8,244.35,60.75,71.15,553,596.6,76.7,60.5,81.15,271.85,352.25,5.7,765.3,1410.15,125.25,493.15,2260.35,167.1,116,,335.15
530.6,342.2,1889,650.85,276.55,767.6,7341.2,1127.4,1886.6,921.35,225.35,60.9,73.2,552.55,608.15,76.8,59.5,80.65,267.9,329.95,5.65,774.45,1417,126.15,505.65,2434.8,166.6,116,,331.45
528.25,334.7,1899.35,651.7,284.5,781.35,7411.65,1150,1902.45,920.55,231.4,60.75,73.3,561.65,617.05,77.35,59.65,80.25,266.75,352.95,5.4,782.1,1433.9,127.1,483.7,2413.4,165.75,129.45,,324.65
520.7,344.05,1876.8,641.4,283.85,782.6,7333.95,1137.4,1878.25,915.45,225.3,60.25,71.3,547,609.05,78.3,59.3,77,266.25,356.4,5.4,789.1,1403.9,125.1,482.05,2391.35,163.85,135.45,,318.85
522.15,345.05,1868.15,619.1,281.75,769.1,7424.5,1112.9,1812,926.55,234.85,60.3,72.7,560.3,621.35,78.15,58.7,76.25,265.75,363.5,5.55,804.5,1418,125.2,474,2396.65,164.1,140.05,,308.65
517.95,344.75,1873.7,620.75,280.5,746.1,7411.1,1102.85,1812.55,915.75,232.75,59.95,71.7,549.35,600.05,74.9,57.65,74.4,265.3,357.1,5.55,814.85,1415.75,125.55,467.2,2377.25,168.35,133.5,,315.3
522.1,339.8,1884.65,621.45,285.65,747.9,7554.7,1109.75,1846.1,916.4,222.4,60.15,71.25,559.3,602.4,75.55,56.55,76.15,266.7,352.2,5.4,808.15,1436.5,125.1,460.6,2402.2,169.2,145.15,,317.8
517.65,347.35,1901.7,638.9,284.85,751.75,7647.6,1128.2,1890.25,914.3,222,60.2,72.45,545.35,611.8,75.65,56.8,76.6,268.2,355.95,5.6,816.35,1442,125.15,455.4,2382.4,170,146.55,,310.85
515.3,339.05,1928,666.4,282.2,748.4,7574.2,1152.65,1983.9,922.95,208.95,59.9,69.6,536.45,610.65,74.4,55.65,73.4,267.5,362.05,5.45,816.45,1461.9,127.1,471.3,2332.05,173.35,142.6,,306.75
524.7,339.2,1956.3,661.05,287.55,773.2,7546.75,1168.5,1960.55,931.4,199.95,60,69.65,552.75,616.25,75.2,54.9,74.95,260.6,348.25,5.1,826.2,1452.45,133,472.5,2351.6,177.45,142.85,,305.95
540.85,343.05,1989,667.45,285.8,790.9,7661.6,1167.55,1968.25,927.1,212.75,59.5,69.9,553.95,591.55,76.1,52.9,73.9,263.15,331.3,5.15,809.5,1436,130.6,472.85,2348.55,174.35,136.15,,306.4
535.8,355.65,1980.75,670.35,282.95,761.05,7779.95,1156.45,1982.4,936.25,217.7,59.4,71.45,556.7,595.15,82.55,53.7,73.25,261.95,331.9,5.55,803.45,1522,128.65,473.4,2349.2,176.6,136.1,,301.5
546.45,354.35,1939.45,685.25,281.85,740.3,7721.65,1152.3,2010.85,923.8,224.2,59.8,69.55,552.85,590.05,81.5,55.75,73.25,258.8,329,5.45,812.65,1487.2,128.95,476.5,2334.6,178.05,136,,302.9
528.45,349.35,1973.3,681.4,275.35,718.05,7554.05,1155.15,2006.75,920.25,210.9,60.7,68.95,551.65,573.85,80.45,54.8,71.45,259.1,307.35,5.25,799.2,1478.45,124.85,472.8,2314.3,177.6,138.2,,298.5
515.3,349,1945.8,668.5,273.05,710.95,7209.7,1123.65,1992.7,905.75,205.65,60.25,66.1,537.2,590.7,79.4,53.05,71,252.55,299.5,5.2,773,1490.85,120.55,468.9,2316.6,179.75,134.95,,311.45
513.6,334.7,1951.35,682.8,274.05,721.1,7313.95,1133.8,1995.2,916.6,202.6,60.25,66,543.75,594.45,79.45,51.8,71.15,248.3,307.95,5.15,790.2,1485.6,119.55,472.35,2291.15,183,136.75,,312.1
512.55,332.05,1906.5,669.2,270.45,710.55,7350.5,1090.25,1975.8,907.1,198.2,60.15,64.85,534.65,575.05,77.65,48.75,71,248.95,297.5,5.1,763.9,1477.1,125.05,466.05,2193.15,180.45,139,,305.1
518.7,332.55,1905.25,674.5,274.7,722.35,7305.35,1097.55,2000,933.15,206.45,60.85,68.7,552.75,559.75,79.15,49.9,72,248.5,292.65,5.3,789.8,1500.25,126.8,470.35,2261.2,184.15,136.95,,315.4
531.3,344.45,1940.2,678.5,276.05,750.8,7471.85,1110.5,2016.8,929.95,213.85,61.2,70.8,569.05,566.8,79.1,52.05,73.85,250.5,296.15,5.3,813.5,1544.4,130.3,474.75,2321.35,188.3,143.05,,318
527,346.45,1942.05,697.75,275.3,759.2,7670.5,1107.05,1982.6,944.15,218.45,61.55,71.35,568.7,560.7,78.7,53.65,74,254.55,286.95,5.25,864.25,1535.1,130.85,503.5,2331.4,184.2,140.65,,318.05
521.75,351.25,1904.1,706.05,275.75,757.25,7662.15,1112.2,1989.75,931.5,216.65,61.05,72.65,578.75,575.55,79.3,52.7,72.95,253.3,291.95,5.3,849.65,1557.4,128.15,513,2319.55,185.55,137.3,,317.85
523.65,353.15,1960.35,694.4,279.85,756.35,7734.05,1129.9,1994.3,935.3,218,61.15,72.85,567.65,574.4,77.9,53,72.95,262.25,288.15,5.3,857.15,1562,127.6,509.4,2422.75,183.4,136.1,,315.3
522.9,354.5,1952,676.6,278.15,770.95,7772.35,1136.4,1987.85,933,214.05,61.8,74.25,561.35,588.85,78.65,53.4,73.15,259.9,295.15,5.35,852.3,1555.5,131.6,509.8,2516.4,177.6,136.4,,311.5
524.75,358.5,1981.7,664.85,283.45,782.65,7936,1136.8,1968.45,929.2,227.4,62,76.95,573.2,596.9,79.5,58.75,74.55,264,299.2,5.45,853.4,1554.6,134.75,510.75,2477.6,184.8,135.25,,308.95
520.25,353.15,1974.7,667.05,282.65,795.45,7807.05,1128.45,1954.05,926.75,238.15,61.5,76.1,576.85,596.85,80.25,58.3,77.7,263.7,302.65,5.5,858.15,1573.2,130.85,517,2477.3,183.25,136.95,,305.5
516.65,345.05,1948.6,646.2,276.75,781.15,7536.3,1100.2,1895.8,900.05,240.65,61.85,76.35,569.95,590.9,76.45,55.9,74.7,260.4,307.6,5.5,859.5,1564.5,125.95,506.5,2412.2,178.6,136.75,,301.6
518.8,347.7,1902.15,649,276,788.65,7529.15,1089.15,1918.5,879.85,234.6,61.3,76.7,555.2,576.95,76.8,54.15,72.8,264.35,307.5,5.5,834.7,1543.7,124.65,503.35,2389.4,174.3,135.25,,301.75
514.3,353.4,1933.35,644.05,276.65,787.7,7569.1,1098.35,1889.2,889.15,237.95,61.2,77.75,549.6,575.3,75.95,54.6,75.4,262.5,303.4,5.45,833.65,1548.7,122.95,495.4,2362.7,171.7,130.05,,298.15
517.9,356.45,1948.85,656.8,280.75,795.65,7499.95,1120.2,1908.95,887.65,239.65,61.15,77.95,551.15,586.2,77,53.9,74.95,265.05,302.8,5.45,827.7,1583.65,124.05,494.4,2383.7,173.75,124.1,,301.1
522,356.3,1979.95,656.95,282.25,803.55,7505.55,1125.55,1896.05,922.7,240.35,61.45,78.45,551.3,615.3,77.1,56.7,74.9,265.1,311.95,5.45,837.05,1585.1,125,497.4,2400.2,177,122.95,,300.1
519.5,360.3,1968.35,658.95,281.65,803.85,7465.5,1121.25,1893.05,931,249.4,61.25,78.1,553.5,607.75,76.8,57.75,75.5,267.25,316.2,5.4,844.75,1604.55,124.4,504.5,2403.5,177.85,125.65,,302.65
523.05,362.15,2009,665.05,282.7,773.35,7476.8,1121,1902.8,928,246.35,61.45,79.8,555.45,607.85,76.7,57.5,75.05,271.65,316.6,5.45,842.95,1594.6,124.95,513.55,2392,176.45,126.9,,302.45
514.55,350.3,1980.65,669.05,280.6,741.7,7267.85,1106.4,1923.3,932.15,241.7,61.35,77.85,537.85,604.6,74.85,58,73.95,275.35,305.95,5.35,817.3,1587.55,123.4,506.35,2407.15,174.9,124.85,,301.55
512.4,349.95,1936.85,669.15,278.85,718.3,7203.95,1092.75,1899.95,931.2,235.65,61.35,77.85,536.35,585.1,74.2,58.2,72.15,274.3,289.25,5.3,811.55,1530.7,124.1,497.75,2370.4,171.65,112.55,,295.25
512.8,353.15,1972.6,661.05,280.95,725.6,7234.5,1098.65,1876.85,928.45,238.05,61.45,81.3,536.15,592.2,75.05,58.9,72.15,278.05,296.8,5.45,822.3,1573.2,126.4,490.05,2338.8,171.3,120.3,,295.55
514.05,357.1,1972.9,671.7,281.65,729.55,7362.05,1104.75,1897.9,944.05,228.8,61.3,80.55,541.75,595.35,74.7,61.05,71.9,273.55,299.45,5.35,813.9,1583.15,127.05,494.05,2390.15,172.75,126.85,,295.75
513.65,354.6,1958.95,670.05,284.25,723.4,7439.5,1104.65,1893.55,946.15,231.1,61.9,81.7,539.6,599.85,74.95,62.45,72.05,270.55,301.9,5.35,814.9,1604.65,135.25,489.7,2373.65,173.55,129.9,,308.35
510.1,341.35,1994.95,676.1,290.4,726.3,7492.9,1110.75,1886.95,952.95,227.15,64.65,80.7,535.15,588.9,74.35,61.6,71.3,266.2,300.6,5.35,804.8,1612.7,134.25,489.35,2364.5,175.1,121.45,,305.1
513.25,343.9,1980.1,679.7,289.6,733.2,7391.6,1107.5,1888.55,966.7,224.1,62.7,81.25,539.35,590.05,74.9,61.25,71,266.5,305.95,5.45,809.2,1636.25,133.4,488.25,2337.35,184.55,119.35,,298.15
510.2,338.6,1991.4,683.5,295.35,727.9,7320.5,1098.05,1842.55,959.3,222.45,63.35,80.65,542.2,588.9,75,61,70.6,270.75,307.7,5.35,816.1,1644.95,130.7,484.05,2321.25,185,117.75,,297.55
511.95,324.9,1969.2,701.9,294.3,724.55,7408.7,1096.8,1813.25,957.5,220.9,62.7,82.5,540.7,579,74.3,59.7,69.3,271.65,306.3,5.3,814.85,1637.05,130.75,479.75,2294.1,182.95,117.05,,297.2
514.95,324.55,1992.15,726.6,296.55,726.9,7355.15,1129.65,1867.8,968.3,223.75,61.75,81.95,531.05,579.55,75.05,59.8,70.4,272.35,310.1,5.3,815.2,1660.55,135,481.3,2320.7,180.15,109.85,,305.05
511.5,325.5,1975,736.8,294.05,726.25,7310.25,1135.9,1870.15,961.2,223.1,61.95,84.25,533.3,573.45,76.5,59.65,70.85,274.7,314.2,5.3,815.85,1646.65,130.75,479.7,2332.8,182.9,,,306.9
509.6,332.4,2004.55,733.35,293.95,734.65,7336.25,1134.45,1894.3,961.55,219.8,60.7,84.55,534.65,564.95,76,58.95,70.35,277.2,296.45,5.3,809.45,1634.1,135,470.45,2344.85,184.8,,,312.4
509.4,322.15,2006.85,730.95,291.45,734.95,7357.95,1184.35,1900.65,960.95,216.05,58.2,82.85,535.15,525.2,76,57.95,69.35,280.45,298.3,5.25,806.95,1621.05,133.75,468.6,2320.65,179.15,,,306.15
509.25,327.8,2004.45,745,289.9,730.3,7208.4,1237.7,1908.7,962.75,211.8,56.35,80.25,536.55,512.1,75.95,56.85,69.05,287.05,289.65,5.25,805.95,1614.9,130.25,470.45,2292.35,173.65,,,313.1
507.1,332.9,1979.4,745.35,289.75,708.5,7068.85,1235.15,1901.9,982.65,205.3,57.1,78.6,540.15,519.25,76.35,57.65,69.05,282.8,279.3,5.2,812.85,1598.65,124.6,468.65,2255.5,170.75,,,316.85
509.3,334.2,1958.25,731.65,277.3,695.85,7045.4,1226.3,1875.6,962.15,209.6,56.6,77.75,532.75,529.45,75.2,57,69.15,285.65,281.75,5.15,813.9,1607.2,123.55,464,2237.75,170.7,,,321.35
500.7,333.6,1971.1,732,278.9,697.3,7040.6,1247.45,1901.55,969.65,207.65,56.05,78.1,538.7,527,74.55,56.15,69.65,282.9,282.15,5.15,796.15,1600.4,120.95,459.05,2226.15,167.95,,,321
507.65,334.9,1977.8,730.35,279.2,683.5,6513.4,1246,1920.8,978,209.1,54.9,76.6,532.45,505.85,73.95,56.5,68.5,272.6,270.7,5.05,774.4,1561.8,123.55,454.65,2196.3,166.15,,,318.3
492.15,333.2,1946.9,727.95,274.75,673.05,6511.05,1229.55,1955,958.65,184.9,53.6,76.1,534.1,532.35,70.95,55.9,68.75,272.65,257.5,4.95,746.65,1577.2,118.75,436.95,2092.5,164.25,,,316.2
505.05,323.6,1922.3,727.9,278.45,669.65,6526.95,1210.65,1982.75,966.1,169.7,56.25,77.3,541.35,533.45,71.05,58.2,68.15,271.45,265.45,4.95,763.35,1607.65,120.8,426.85,2046.8,165.5,,,316.95
505.8,321.6,1885.8,725.9,275.5,678.65,6548.25,1195.7,1981.4,968.9,161.45,54.4,77.25,541.6,533.65,68.15,60.05,68.35,278.6,269.2,5,764,1599.95,121.85,456.7,2065.2,164.3,,,327.65
517.3,332.15,1922.35,749.55,278.65,680.05,6641.15,1227.15,2014.1,995.8,135.9,55.4,77.5,541.1,530.1,71.3,58.7,67.85,283.55,268.95,4.7,754.35,1605.35,119.7,458.2,2478.2,162.45,,,321.05
521.35,333.5,1961.25,757.05,280.85,688.4,6962.3,1249.95,2029.95,991.55,111.2,52.75,73.9,553.65,532.15,71.5,57.85,67.5,286.9,267.1,4.9,742.65,1569.6,121.15,467,2362.9,167.45,,,326.6
509.6,329.75,1978.5,755.9,277.1,674.45,6988.2,1290.9,2050.25,1025.75,115.5,50.5,73.15,544,524.1,70.55,56.2,65.25,294.7,227.1,4.75,743.05,1577.15,119.2,474,2431.4,162.15,,,325
508,332.1,1981.4,754.85,274.15,684.9,7093.6,1291.55,2044.55,1066.7,122.3,47.05,73.4,533.55,522,69.9,53.4,64.05,305.55,227.25,3.6,728.5,1596.95,117.3,474.85,2401.2,162.15,,,325.35
534.95,339.8,1987.95,763.3,277.7,695.1,7183.4,1310.25,2074.8,1059.05,119.35,43.9,75.2,528.65,543.55,70.4,53.7,65.25,299.7,154.3,3.85,711.1,1593.5,116.95,476.6,2319.85,162.75,,,326.55
532.9,339.95,1969.65,764,280.3,700.9,7302.55,1290.4,2082.9,1056.8,115.7,43.95,75.65,538.1,532.35,69.6,54.65,66.9,301.15,110.65,3.95,653.7,1565.25,117.2,515.15,2303.25,169.6,,,328.85
534.25,336.35,1944.65,760.9,275.5,682.1,7134.25,1277.7,2061.4,1053.25,109.15,43.2,71.2,531.6,521,68.75,54.6,65.45,286.45,118.15,3.7,687.55,1510.1,114.6,482.1,2226.8,170.65,,,333.55
543.3,328.4,1948.2,762.8,277.1,647.55,7177.9,1253.25,2065.9,1056.4,104.85,43.1,70.85,524.45,574.05,65.55,53.35,63.8,273.85,115.5,3.45,687.75,1494.95,112.6,479.85,2145.85,166.5,,,325.95
543.3,325.7,1905.05,750.45,275.3,648.7,7162.5,1256.4,2051.6,1066.25,106.45,43.3,71.35,522.3,560.8,66.3,53.9,63.85,269.3,112.65,3.45,695.1,1454.9,111.1,463.95,2098.2,164.65,,,330.3
543.5,315.5,1930.5,754.9,276.85,641.5,7028.25,1245.95,2065.4,1050.95,111.2,43.2,69.45,507.5,553.6,65.25,51.5,63.6,273.55,113.1,3.35,698.4,1476.15,110.8,455.9,2100.3,162.2,,,335.4
542.9,307.95,1900.7,740.05,277.9,634.4,7017.5,1224.2,2044.6,1042.25,127.95,45.2,72.25,514.95,579.1,67.55,48.95,64.3,282.1,117.35,3.5,704.55,1489.5,111.8,440,2066.1,162.5,,,332.6
540.55,317.75,1874.9,741.95,280.1,627.55,6930.05,1244.45,2029.7,1039,123.2,44.95,70.05,522,547,69.2,50.05,63.6,282.55,114.95,3.45,686.35,1494,112.25,441.55,2062.8,162.15,,,329.85
541.15,317.45,1874.85,741.05,274.7,624.7,6842.7,1220.1,1970.3,1027.35,128.85,42.2,69,522.2,545.5,65.35,50.3,63.25,285,123.15,3.45,686.75,1443.4,109.8,430.2,2065.3,160.7,,,326.35
539.65,320.25,1853.45,724.3,275.9,632.6,6804.55,1216.1,1904.8,1028.8,126.75,42.4,69.95,524.1,557.65,65.9,50.65,63.05,282.1,122.25,3.55,683.6,1490.75,109.1,434.05,2094.35,160.65,,,334.9
541.1,329.7,1870.5,740.7,275.85,633.55,6849.9,1234.35,1914.75,1032.75,130.35,43.75,71.1,529.8,567.25,66.9,51.35,63.65,284.7,119.6,3.7,688.5,1472.5,111.95,436.85,2085.95,160.55,,,344.65
545.5,331.7,1891.45,733.45,275.05,634.2,6801.55,1246.9,1914.2,1042.5,137.15,45,73.15,533.1,587.6,67.45,51.6,63.95,283.75,124.45,4.45,698.65,1482.25,121.2,458.45,2072.8,159.85,,,338.45
541.3,327.15,1887.4,734.95,274.3,646.6,6912.4,1232.35,1925.65,1041.6,139.2,43.1,73.2,531.25,585.9,67.1,53.1,62.95,286.55,133.75,5.75,728.15,1491.9,123.45,458.25,2085.35,162.2,,,336.9
548.3,327.8,1894.5,754.9,276.7,650.7,6924.9,1232.3,1985.15,1043,136.75,42.95,73.5,530.1,587.05,66.55,53.3,63.75,287.35,131.15,5.65,755.2,1491.65,119.05,462.6,2092.95,165.8,,,341.55
550.4,333.45,1853.65,742.5,275.5,651.3,6904.3,1220.25,2038.7,1038.35,130.6,42.25,71.85,537.45,605.2,66.15,52.65,64.8,288.25,132.25,5.35,756.8,1509,116.4,452.7,2039.6,161.6,,,343
551.9,335.7,1841,735.25,275.1,656.15,6968.5,1223.5,2058.1,1016.25,128.2,41.65,71.5,542.95,593.7,65.5,52.9,64.2,289.8,128,5.5,765.35,1507.7,114.45,449.55,2063.4,163.45,,,336.95
554.55,342,1841.2,734.3,276.05,645.9,6829.7,1231.05,1983.45,1025.2,127.4,42.85,72.3,566.55,608.25,65.45,52.85,65.15,292.8,122.8,5.75,767.75,1502.6,118.5,453,2059.55,167.35,,,338.1
551.55,343.85,1859.45,741.9,278.2,649.7,6935.15,1226.05,1995.4,1021.35,128.8,44.35,76.65,574.95,615.9,67.05,55.05,67.4,292.1,125.25,5.95,786.2,1491.2,121.2,453.6,2166.65,181.55,,,339.95
548.65,346.5,1860,732.5,282.55,656.75,7117.75,1237.65,1988.1,1035,133.9,46.25,82.65,597.3,625.8,69.15,57.5,70.2,299.6,130.4,7.45,790.9,1523.5,129.55,478.6,2233.15,185.65,,,340.25
547.55,345.35,1885.2,732.5,285.75,658.9,7056.9,1264.8,1999.6,1055.95,148.75,45.7,82.4,598.3,621.75,71.3,59.7,71.05,290.4,134.7,7.9,817.45,1526.3,137.55,476.9,2230.9,187.35,,,336.4
541.35,344.15,1880.2,722.95,290.1,671.8,7029.05,1270.25,2013.3,1043.3,141.6,44.05,85.45,593.75,613.7,70.55,58.95,70.8,289.3,133.3,6.9,815.15,1519.55,134.45,481.4,2217.35,187.5,,,338.95
539.95,349.65,1884.05,712.35,292,670.15,6967.7,1267.1,2022.7,1053.2,139.85,43.35,83.8,593.7,595.65,70,57.05,68.55,293.8,130.2,7.3,808.15,1542.4,133.95,490.4,2192.05,187.7,,,331.05
540.1,351.75,1897.55,711.25,292.95,681.05,7081.9,1304.1,2014.8,1069.2,132.8,44.85,85.85,625.1,616.85,71.7,58.8,72.05,298.35,132.25,7.4,819.8,1542.65,137.35,501.85,2320.6,193.3,,,332.45
538.75,353.9,1930,706.95,294.5,687.9,7157.2,1331.35,2012.45,1086.45,128.85,44.75,85.4,622.35,617.55,73.35,61.05,73.1,297.45,131.25,7.2,815.35,1632.55,141.2,507.5,2310.9,196,,,331.7
532.8,351.6,1950.65,708.45,294.9,684.2,7091.05,1347.3,2000.5,1078.3,127.9,43.1,84.85,618.8,612.55,73.8,60.05,73.25,291.45,129.8,6.8,809.4,1620.7,140.15,503.05,2278,194.8,,,328.8
532.75,353.6,1956.95,708.35,295.5,685.9,7086.3,1341.55,1987.4,1086.35,131.9,43,84.45,602.5,614.65,73.05,64.65,73.6,291.15,125,7.05,815.7,1634.8,139.3,506.2,2273.65,191.85,,,330.25
532.6,359.35,1974.65,718.55,290.8,694.6,7084,1321.65,2039.95,1097.25,132.2,42.8,86.05,600,617.5,73.8,65.75,73.45,290.85,131.65,6.8,816.15,1631.1,137.45,516.5,2233.25,193.25,,,322.45
534.5,359.85,1962.4,710.2,293.75,685.4,6909.1,1350.05,2022.8,1101.3,135.9,43.35,86.65,604.25,620.45,73.05,67.05,73.1,289.3,135,7.1,818.5,1691.3,137.85,510.5,2236.6,199.45,,,320.95
533.65,362.05,1967.85,722.25,299.45,689.4,6825.2,1376.55,2022.8,1109.05,136.2,43.3,90.5,612.35,621.55,73,67.6,74.6,300.75,137.1,7,821.3,1695.4,134.05,522.35,2248.35,203.9,,,322
533.25,354.7,1987.55,738.95,298.9,678.6,6673.55,1375.45,2015.05,1102.35,137.6,43.05,93.55,614.1,616.55,72.05,65,73.6,305.1,137.15,6.9,818,1628.45,128.85,526.5,2238.55,200.65,,,330.1
526.8,348.95,1981.55,743.1,298.2,678.8,6552.7,1341.75,2005.65,1102.55,133.75,42.65,91.55,614.9,596.05,72.55,64.55,73.55,304.65,130.55,6.7,809.9,1615.4,129.15,522.85,2273.75,200.65,,,332.4
526.85,351.65,1945.65,735.25,295.05,664.6,6522.6,1324.45,1984.25,1100.1,130.25,41.95,90.3,602.95,579.85,71.9,63.75,73.7,304.6,128.2,6.45,790.1,1583.8,123.95,524.9,2244,195.8,,,327.35
529.3,359.35,1946.3,727.75,293.4,669.6,6585.7,1367.25,1982.65,1115.75,135.3,42.4,92.5,612.9,584.8,71.3,64.4,74.5,308.5,133.15,6.65,802.35,1564.05,125.85,534.35,2273,198.65,,,330.65
525.5,355.85,1919.9,729.7,293.1,660.05,6518,1349.25,1967.9,1116.5,136.55,42.4,93.4,623.8,589.25,71.4,63.65,74.05,305.65,130.95,6.65,798.95,1606,130.95,559.5,2328.45,200.4,,,337.85
525.6,358.3,1944.45,737.8,300,655.95,6596.25,1360,2000.3,1134.25,149.5,44.6,95.35,626.3,606.05,71.55,64.95,74.3,308.35,135.2,6.5,795,1642.85,129.8,566.55,2318.2,201.55,,,335.15
528.9,347.65,1968.25,743.85,297.25,673.9,6672.55,1363.25,2001.65,1141.85,150.25,46.65,95.5,629.45,628.1,73.8,66.3,74.3,305.45,137,6.15,811.5,1646.7,126.9,558.1,2267.35,208.3,,,337.7
525.65,354.7,1959.65,755.1,297.25,660.9,6840.7,1391.85,2031.65,1120.35,149.1,46.25,97.5,624.15,629.5,74.4,66.55,74.25,307.25,137.55,6.2,826.1,1650.6,130.2,551.2,2276.05,216.8,,,341.4
522.65,362.6,1995.95,759.4,297.9,668.6,6889.7,1389.7,2079.3,1111.9,145,45.85,98.3,622.1,641.8,74.05,63.65,73.85,299.85,140.25,6.8,816.7,1656.75,133,565.85,2254.2,217.8,,,348.3
520.45,352.45,2013.1,753.3,296.15,658.45,7072.9,1375.2,2079.3,1100.5,148,44.4,94.45,616.7,630.5,71.45,62.25,72.55,302.45,137.5,6.5,809.2,1640.35,133.1,549.25,2209.4,209.75,,,352.3
521,346.3,2042.05,747.9,294.8,653.35,7113.1,1353.05,2014.5,1106.1,148.9,44.25,93.65,605.1,627.4,70.75,60.9,70.55,303.6,132.85,6.7,801.2,1657.9,127.8,538.3,2171.8,205.65,,,345.85
532.1,348.8,2059.2,759.3,294.55,658.2,7107.7,1353.9,2048.3,1106.4,163.5,44.7,93.1,609.4,638.55,71.95,61.95,71.8,306.45,133.55,6.7,806.45,1678.2,134.45,544.6,2208.45,213.45,,,346.45
525.4,341.9,2054.9,767.25,292.75,667,7129.45,1329.25,2070.75,1104.4,161.2,44.15,93.1,612.15,626.95,71.9,62.5,70.85,314.7,132.55,6.65,796.9,1681.9,132.85,532.5,2146.95,204.05,,,346.7
532,343.5,2069.15,760.6,296.3,667.85,7216.55,1334.45,2091.5,1098.55,167.4,43.85,94.35,609.25,610.6,72.6,61.4,70,310.6,130.5,6.7,781.45,1680.25,131.4,541,2151.2,203.1,,,339.55
546.45,337.7,2029.25,752.7,294.7,670.25,7186.35,1331.4,2040.25,1100.2,167.65,43.95,93.35,610.2,596.4,70.9,60.75,70.55,311.1,131.4,6.7,777.85,1694.65,129.35,550.05,2133.15,194.5,,,338.75
544.85,342.7,2022.8,742.7,296.4,672.75,7187.85,1346.8,2019.5,1105.05,172.65,43.8,92.7,617.05,599.25,72.7,61.85,70.6,307.35,128.95,6.7,777.4,1718.55,129.25,548.55,2115.5,188.25,,,333.6
554.85,356.75,2024.95,747.75,305.75,678.2,7342.85,1343.1,2014.5,1097,167.05,44,93.35,620.45,602.45,73.25,61.95,71.2,312.7,131.4,7.2,784.15,1696.45,130.9,556.25,2141.25,187.55,,,334.85
566.3,354.05,2014.25,727.5,305.5,683.2,7352.5,1340.15,2113.3,1090.15,167.2,43.95,93.85,621.75,594.15,71.35,62.7,70.95,321.8,132,7.35,796.7,1699.45,130,571.7,2214.8,188.9,,,338.45
559.35,351.6,2026.7,724.1,307.2,688.1,7458.55,1343.75,2131.8,1120.05,171,43.95,92.8,623.85,596.9,71.45,62.5,71.6,322.55,132.05,7.35,795.15,1716.85,131.1,578.35,2222.55,189,,,339.05
561.55,351.95,2003.75,717.05,304.4,684.65,7447.45,1385.95,2150.05,1125.4,157.1,43.3,90.05,614.85,588.25,70.55,61.6,70.45,327.2,121.5,7.1,781.25,1710.05,131.65,566.85,2154.6,185.7,,,333.2
561.1,344.85,1953.9,721.05,301.8,673.4,7321.25,1345.35,2161.45,1123.7,140.05,42.5,86.65,611.9,601.2,69.2,59.85,69.6,314.15,116.35,6.8,755.4,1694.05,128.05,564.5,2102.9,182.6,,,330.5
561.7,339.45,1934.7,728.2,303.4,665.75,7048.9,1363.85,2155.05,1129.55,140.15,42.45,87.2,622.25,580.45,68.25,59.05,70.6,313.1,118,7.2,754.95,1670.55,127.85,560.7,2081.25,180.45,,,327.25
558.55,346.05,1980.4,736.45,306.45,668.15,7016.7,1389.5,2183.45,1149.15,144.75,43.25,88.35,616.9,588,67.8,59.55,70.8,308.45,120.95,7.25,759.05,1711.7,129.8,563.45,2077.45,182.05,,,330.55
555.6,343.1,1955.15,728.55,304.15,665.15,6905.25,1372.4,2195,1141.3,144.6,43.8,86.75,615.65,575.75,67.7,58.65,70.65,309.5,122.1,7.15,756.7,1715.1,129.05,568.9,2076.25,181.4,,,332.15
567.95,353.4,1977.4,738,304.55,659.45,6842.85,1392.8,2238.55,1137.5,143.25,42.85,88.15,609,574.8,67.9,59.1,70.65,310.05,119.95,7.2,757.05,1718.35,127.6,570.3,2074.7,179.15,,,330.1
565,355.95,1995.05,751.35,301.35,645.3,6666.4,1392.8,2260.35,1158.55,135.15,39.35,84.9,602.7,574.25,67.8,57.95,71.85,312.8,107.9,6.85,771.65,1769.45,124.2,571.85,1996.45,173.35,,,331.35
565.6,347.55,2017.4,730.8,305,645.9,6683.25,1405.05,2215.4,1138.15,133.9,40.05,86.1,600.9,558.15,66.6,59,71,309.2,110.25,6.75,741.25,1805,120.7,565.5,1987.4,164.9,,,331.2
564.5,345.45,2006.4,723.6,304.25,645.8,6710,1408.85,2132,1145.05,141.3,39.95,87.15,603.5,555.1,66.95,58.1,70.65,308.5,109.9,6.75,760.3,1808.1,119.25,559.5,1963.35,168.75,,,328.05
563.35,346.25,1965.45,718.4,307,638.5,6709.65,1384.9,2157.85,1082.85,132.95,38.6,86.25,606.05,553.05,65.85,57.95,70.3,306.9,106.1,6.6,806.05,1802.3,116.05,557.85,2014.9,168.95,,,329.85
557.95,340.75,1966.3,724.55,301.9,636,6702,1343.5,2151.95,1086.5,116.6,37.25,83.95,601.45,551.1,64.35,56.25,68.6,308.95,100.9,6.35,808.95,1780.1,118.1,557.75,2000.45,163.15,,,340.5
558,337.5,1930.75,719.35,300.65,621.65,6650.15,1299.45,2152.85,1088.7,116.3,37.05,83.95,576.65,528.9,64.5,54,67.2,311.15,99.45,5.95,807.1,1748.5,115.45,534.45,1956.7,161.3,,,338.1
557.75,340.4,1914.6,721.05,299.85,625.45,6624.95,1256.45,2172.55,1104.45,116,37.45,84.25,574.1,540.7,64.4,55.1,64.7,315.75,101.9,5.65,805.3,1758.45,115.3,531.85,1930.1,160.5,,,332.95
555.55,341.55,1931.7,716.85,297.75,628.75,6631.6,1251.15,2135.8,1132.1,116.4,37.25,86.25,580.05,541.15,63.8,55.7,63.8,311.5,107.15,6.4,804.4,1715.4,117.45,540.9,1820.65,160.5,,,332.85
546.7,332.05,1952.9,719.7,289.3,617.6,6543.75,1232.05,2128.75,1144.7,110.95,34.45,79.8,572.2,535.65,62.6,52.65,62.55,296.2,101.1,5.6,779.35,1724,117.15,541.55,1706.75,162.85,,,339.8
