,Date,Month,Year,Close Price,Open Price,High Price,Low Price,Total Traded Quantity,Day_Perc_Change,Trend
0,24/10/2019,10,2019,299.68,298.97,304.74,290.05,29.82,0,No change
1,23/10/2019,10,2019,254.68,254.5,256.14,251.35,11.22,-15.01601708,Bear drop
2,22/10/2019,10,2019,255.58,254.32,258.33,250.85,4.63,0.35338464,No change
3,21/10/2019,10,2019,253.5,258.33,259.5,250.18,5.11,-0.813835198,Slight negative
4,18/10/2019,10,2019,256.95,260.7,262.8,255.1,5.75,1.360946746,Positive
5,17/10/2019,10,2019,261.97,262.5,264.78,260.17,4.78,1.953687488,Positive
6,16/10/2019,10,2019,259.75,257.39,262.1,256.92,6.7,-0.847425278,Slight negative
7,15/10/2019,10,2019,257.89,257.7,260,254.12,6.48,-0.716073147,Slight negative
8,14/10/2019,10,2019,256.96,247.9,258.55,247.13,10.23,-0.360618869,No change
9,11/10/2019,10,2019,247.89,247.15,251.08,246.81,8.49,-3.529732254,Among top losers
10,10/10/2019,10,2019,244.74,245.28,249.28,241.58,6.31,-1.270724918,Negative
11,09/10/2019,10,2019,244.53,241.32,247.29,240.65,6.94,-0.085805344,No change
12,08/10/2019,10,2019,240.05,235.87,243.94,234.5,8.7,-1.832086043,Negative
13,07/10/2019,10,2019,237.72,229.8,238.56,228.55,8.09,-0.970631119,Slight negative
14,04/10/2019,10,2019,231.43,231.61,234.78,228.07,8.02,-2.645970049,Negative
15,03/10/2019,10,2019,233.03,231.86,234.48,224.28,15.14,0.691353757,Slight positive
16,02/10/2019,10,2019,243.13,243.29,244.65,239.43,6.26,4.334205896,Among top gainers
17,01/10/2019,10,2019,244.69,241.5,245.95,239.13,6.2,0.641632049,Slight positive
18,30/09/2019,9,2019,240.87,243,243.98,236.11,5.95,-1.561159018,Negative
19,27/09/2019,9,2019,242.13,242.2,248.71,238.73,11.12,0.523103749,Slight positive
20,26/09/2019,9,2019,242.56,230.66,243.31,227.4,12.08,0.177590551,No change
21,25/09/2019,9,2019,228.7,224.56,228.98,218.36,9.44,-5.714050132,Among top losers
22,24/09/2019,9,2019,223.21,241.52,241.99,222.61,12.94,-2.400524705,Negative
23,23/09/2019,9,2019,241.23,240,245.18,239.22,4.39,8.073115004,Bull run
24,20/09/2019,9,2019,240.62,246.49,246.95,238.16,6.51,-0.252870704,No change
25,19/09/2019,9,2019,246.6,246,247.94,244.84,4.88,2.485246447,Positive
26,18/09/2019,9,2019,243.49,245,248.17,242.37,4.23,-1.261151663,Negative
27,17/09/2019,9,2019,244.79,242.47,245.6,240.37,3.95,0.53390283,Slight positive
28,16/09/2019,9,2019,242.81,246,247.43,241.17,4.73,-0.808856571,Slight negative
29,13/09/2019,9,2019,245.2,246.96,248.45,244.87,5.31,0.984308719,Slight positive
30,12/09/2019,9,2019,245.87,247.7,253.5,244.4,8.58,0.27324633,No change
31,11/09/2019,9,2019,247.1,237.38,248.17,236,10.04,0.500264367,Slight positive
32,10/09/2019,9,2019,235.54,230.8,235.54,228.94,4.88,-4.678267908,Among top losers
33,09/09/2019,9,2019,231.79,230,233.76,229.23,4.8,-1.59208627,Negative
34,06/09/2019,9,2019,227.45,227.2,229.64,225.17,4.19,-1.872384486,Negative
35,05/09/2019,9,2019,229.58,222.5,229.8,220.85,7.4,0.936469554,Slight positive
36,04/09/2019,9,2019,220.68,226.89,228.46,219.21,5.77,-3.876644307,Among top losers
37,03/09/2019,9,2019,225.01,224.08,228.95,223.16,5.36,1.962117093,Positive
38,30/08/2019,8,2019,225.61,229.15,232.44,224.21,9.33,0.266654815,No change
39,29/08/2019,8,2019,221.71,219,223.4,218,5.18,-1.72864678,Negative
40,28/08/2019,8,2019,215.59,213.69,217.25,212.31,3.24,-2.760362636,Negative
41,27/08/2019,8,2019,214.08,215.74,218.8,212.03,5.42,-0.700403544,Slight negative
42,26/08/2019,8,2019,215,213.6,215.02,211.54,5.05,0.429745889,No change
43,23/08/2019,8,2019,211.4,219.97,221.17,211,8.56,-1.674418605,Negative
44,22/08/2019,8,2019,222.15,222.8,225.4,218.22,6.56,5.085146641,Among top gainers
45,21/08/2019,8,2019,220.83,222.01,223.22,217.6,7.8,-0.594193113,Slight negative
46,20/08/2019,8,2019,225.86,227.62,229.09,224.54,4.17,2.27777023,Positive
47,19/08/2019,8,2019,226.83,224.21,227.83,221.7,5.31,0.429469583,No change
48,16/08/2019,8,2019,219.94,216.66,222.24,216.02,5.21,-3.037517083,Among top losers
49,15/08/2019,8,2019,215.64,220.86,221.56,211.55,8.23,-1.955078658,Negative
50,14/08/2019,8,2019,219.62,231.21,231.5,216.69,9.56,1.845668707,Positive
51,13/08/2019,8,2019,235,228.81,236,227.55,4.87,7.003005191,Bull run
52,12/08/2019,8,2019,229.01,232.99,235.77,228.75,4.66,-2.54893617,Negative
53,09/08/2019,8,2019,235.01,236.05,238.96,233.81,3.9,2.619972927,Positive
54,08/08/2019,8,2019,238.3,234.45,239.8,232.65,5.27,1.399940428,Positive
55,07/08/2019,8,2019,233.42,226.5,233.57,225.8,4.78,-2.047838859,Negative
56,06/08/2019,8,2019,230.75,231.88,232.5,225.75,5.56,-1.143860852,Negative
57,05/08/2019,8,2019,228.32,229.6,231.37,225.78,7.03,-1.053087757,Negative
58,02/08/2019,8,2019,234.34,231.35,236.27,229.23,6.14,2.636650315,Positive
59,01/08/2019,8,2019,233.85,242.65,244.51,231.77,8.26,-0.209097892,No change
60,31/07/2019,7,2019,241.61,243,246.68,236.65,9.18,3.318366474,Among top gainers
61,30/07/2019,7,2019,242.26,232.9,243.36,232.18,8.11,0.2690286,No change
62,29/07/2019,7,2019,235.77,227.09,235.94,226.03,9.27,-2.678939982,Negative
63,26/07/2019,7,2019,228.04,226.92,230.26,222.25,10.03,-3.278618993,Among top losers
64,25/07/2019,7,2019,228.82,233.5,234.5,225.55,22.42,0.342045255,No change
65,24/07/2019,7,2019,264.88,259.17,266.07,258.16,11.07,15.75911197,Bull run
66,23/07/2019,7,2019,260.17,256.71,260.48,254.5,5.02,-1.778163697,Negative
67,22/07/2019,7,2019,255.68,258.75,262.15,254.19,6.85,-1.725794673,Negative
68,19/07/2019,7,2019,258.18,255.69,259.96,254.62,7.05,0.977784731,Slight positive
69,18/07/2019,7,2019,253.54,255.05,255.75,251.88,4.76,-1.797195755,Negative
70,17/07/2019,7,2019,254.86,255.67,258.31,253.35,9.76,0.520627909,Slight positive
71,16/07/2019,7,2019,252.38,249.3,253.53,247.93,8.15,-0.973083261,Slight negative
72,15/07/2019,7,2019,253.5,248,254.42,244.86,11,0.44377526,No change
73,12/07/2019,7,2019,245.08,239.75,245.38,239.71,9.2,-3.321499014,Among top losers
74,11/07/2019,7,2019,238.6,238.14,241.5,235.8,7.51,-2.644034601,Negative
75,10/07/2019,7,2019,238.92,234.15,238.94,233.14,9.15,0.134115675,No change
76,09/07/2019,7,2019,230.06,228.97,231,227.28,6.19,-3.708354261,Among top losers
77,08/07/2019,7,2019,230.34,231.24,232.25,228.66,5.88,0.121707381,No change
78,05/07/2019,7,2019,233.1,234.57,235.45,230.8,7.07,1.198228705,Positive
79,03/07/2019,7,2019,234.9,239.39,241.57,234.51,14.2,0.772200772,Slight positive
80,02/07/2019,7,2019,224.55,228.89,229.15,222.22,9.26,-4.406130268,Among top losers
81,01/07/2019,7,2019,227.17,230.21,233.1,226.28,8.24,1.166778,Positive
82,28/06/2019,6,2019,223.46,220.99,225.17,220.8,6.85,-1.633138178,Negative
83,27/06/2019,6,2019,222.84,219.45,222.9,217.35,6.34,-0.277454578,No change
84,26/06/2019,6,2019,219.27,220.31,227.23,218.1,8.51,-1.602046311,Negative
85,25/06/2019,6,2019,219.76,224.39,225.34,219.49,6.18,0.223468783,No change
86,24/06/2019,6,2019,223.64,223.24,225.86,221.02,5.75,1.765562432,Positive
87,21/06/2019,6,2019,221.86,216.22,222.18,215.5,8.2,-0.795922018,Slight negative
88,20/06/2019,6,2019,219.62,223,226.9,216.35,11.86,-1.009645723,Negative
89,19/06/2019,6,2019,226.43,225.11,227.77,221.06,6.58,3.100810491,Among top gainers
90,18/06/2019,6,2019,224.74,228.72,234.74,222.56,12.72,-0.746367531,Slight negative
91,17/06/2019,6,2019,225.03,215.48,227,214.27,12.32,0.129037999,No change
92,14/06/2019,6,2019,214.92,211.25,216.65,210.4,7.43,-4.492734302,Among top losers
93,13/06/2019,6,2019,213.91,210.38,214.9,207.51,8.17,-0.469942304,No change
94,12/06/2019,6,2019,209.26,222.95,223.38,209,15.2,-2.173811416,Negative
95,11/06/2019,6,2019,217.1,219.14,220.9,213.5,11.65,3.74653541,Among top gainers
96,10/06/2019,6,2019,212.88,210.25,216.94,209.01,10.59,-1.943804698,Negative
97,07/06/2019,6,2019,204.5,205,210.84,203.5,16,-3.936490041,Among top losers
98,06/06/2019,6,2019,205.95,204.44,211,201.8,20.24,0.709046455,Slight positive
99,05/06/2019,6,2019,196.59,198.68,201.28,191.85,13.51,-4.544792425,Among top losers
100,04/06/2019,6,2019,193.6,181.1,193.98,179.61,13.81,-1.520931889,Negative
101,03/06/2019,6,2019,178.97,185.51,186.68,176.99,13.06,-7.556818182,Bear drop
102,31/05/2019,5,2019,185.16,185.1,189.92,184.1,10.41,3.458680226,Among top gainers
103,30/05/2019,5,2019,188.22,188.75,192.25,187.02,7.93,1.652624757,Positive
104,29/05/2019,5,2019,189.86,187.1,192.39,185.04,11.97,0.871320795,Slight positive
105,28/05/2019,5,2019,188.7,191.2,195,187.85,10.31,-0.610976509,Slight negative
106,24/05/2019,5,2019,190.63,199.83,199.98,188.75,14.14,1.022787493,Positive
107,23/05/2019,5,2019,195.49,194.34,199.47,186.22,26.55,2.549441326,Positive
108,22/05/2019,5,2019,192.73,199.1,203.94,191.78,18.69,-1.411836923,Negative
109,21/05/2019,5,2019,205.08,197.76,207.4,196.04,18,6.40792819,Among top gainers
110,20/05/2019,5,2019,205.36,202.8,206,195.25,20.53,0.136532085,No change
111,17/05/2019,5,2019,211.03,221.96,222.24,208.92,17.79,2.761005064,Positive
112,16/05/2019,5,2019,228.33,229.49,231,226.5,7.48,8.197886556,Bull run
113,15/05/2019,5,2019,231.95,229.32,232.44,225.25,7.3,1.585424605,Positive
114,14/05/2019,5,2019,232.31,229.3,234.5,228,7.25,0.155205863,No change
115,13/05/2019,5,2019,227.01,232.01,232.47,224.5,10.83,-2.28143429,Negative
116,10/05/2019,5,2019,239.52,239.75,241.99,236.02,7.01,5.510770451,Among top gainers
117,09/05/2019,5,2019,241.98,242,243.68,236.94,6.71,1.027054108,Positive
118,08/05/2019,5,2019,244.84,246.94,250.6,244.2,6.18,1.181915861,Positive
119,07/05/2019,5,2019,247.06,256.8,257.21,245.1,10.13,0.906714589,Slight positive
120,06/05/2019,5,2019,255.34,250.02,258.35,248.5,10.83,3.351412612,Among top gainers
121,03/05/2019,5,2019,255.03,243.86,256.61,243.49,23.71,-0.121406752,No change
122,02/05/2019,5,2019,244.1,245.52,247.13,237.72,18.16,-4.285770302,Among top losers
123,01/05/2019,5,2019,234.01,238.85,240,231.5,10.7,-4.133551823,Among top losers
124,30/04/2019,4,2019,238.69,242.06,244.21,237,9.46,1.999914534,Positive
125,29/04/2019,4,2019,241.47,235.86,243.98,232.17,16.71,1.164690603,Positive
126,26/04/2019,4,2019,235.14,246.5,246.68,231.13,22.36,-2.621443658,Negative
127,25/04/2019,4,2019,247.63,255,259,246.07,21.85,5.311729183,Among top gainers
128,24/04/2019,4,2019,258.66,263.85,265.32,258,10.73,4.454226063,Among top gainers
129,23/04/2019,4,2019,263.9,260.15,265.6,255.75,10.94,2.025825408,Positive
130,22/04/2019,4,2019,262.75,269,269.68,262.48,12.15,-0.435771125,No change
131,18/04/2019,4,2019,273.26,271.23,274.84,269.75,5.88,4,Among top gainers
132,17/04/2019,4,2019,271.23,274.75,274.79,268.54,5.13,-0.742882237,Slight negative
133,16/04/2019,4,2019,273.36,265.75,275,264.72,7.27,0.785311359,Slight positive
134,15/04/2019,4,2019,266.38,268.63,268.88,258.63,10.04,-2.553409423,Negative
135,12/04/2019,4,2019,267.7,270.22,271.95,266.83,6.75,0.495532698,No change
136,11/04/2019,4,2019,268.42,268.3,270.5,265.6,9.84,0.268957789,No change
137,10/04/2019,4,2019,276.06,276.74,278.38,272.89,7.06,2.846285672,Positive
138,09/04/2019,4,2019,272.31,271.65,275,269.61,5.9,-1.358400348,Negative
139,08/04/2019,4,2019,273.2,277.69,281.16,270.44,10.41,0.326833388,No change
140,05/04/2019,4,2019,274.96,269.86,276.1,266.11,13.04,0.644216691,Slight positive
141,04/04/2019,4,2019,267.78,261.89,271.2,260.59,23.72,-2.611288915,Negative
142,03/04/2019,4,2019,291.81,287.32,296.17,287.17,7.93,8.97378445,Bull run
143,02/04/2019,4,2019,285.88,288.3,289.44,283.88,5.48,-2.032144203,Negative
144,01/04/2019,4,2019,289.18,282.62,289.2,281.28,8.11,1.154330488,Positive
145,29/03/2019,3,2019,279.86,278.7,280.16,274.5,5.99,-3.222906148,Among top losers
146,28/03/2019,3,2019,278.62,277.16,280.33,275.1,6.77,-0.443078682,No change
147,27/03/2019,3,2019,274.83,268.75,275.37,268.18,8.78,-1.360275644,Negative
148,26/03/2019,3,2019,267.77,264.44,270.26,264.43,7.35,-2.56886075,Negative
149,25/03/2019,3,2019,260.42,259.71,263.18,254.46,10.22,-2.744893005,Negative
150,22/03/2019,3,2019,264.53,272.58,272.8,264,8.75,1.578219799,Positive
151,21/03/2019,3,2019,274.02,272.6,276.45,268.45,5.95,3.587494802,Among top gainers
152,20/03/2019,3,2019,273.6,269.69,274.97,266.3,6.91,-0.153273484,No change
153,19/03/2019,3,2019,267.47,267.5,273.3,263.46,11.8,-2.240497076,Negative
154,18/03/2019,3,2019,269.49,276,278.05,267.3,10.28,0.755224885,Slight positive
155,15/03/2019,3,2019,275.43,283.51,283.72,274.4,14.79,2.20416342,Positive
156,14/03/2019,3,2019,289.96,292.45,295.39,288.29,7.1,5.275387576,Among top gainers
157,13/03/2019,3,2019,288.96,283.9,291.99,282.7,6.84,-0.344875155,No change
158,12/03/2019,3,2019,283.36,286.49,288.07,281.06,7.5,-1.937984496,Negative
159,11/03/2019,3,2019,290.92,283.52,291.28,280.5,7.39,2.66798419,Positive
160,08/03/2019,3,2019,284.14,276.91,285.59,275.89,8.82,-2.330537605,Negative
161,07/03/2019,3,2019,276.59,278.84,284.7,274.25,9.44,-2.657140846,Negative
162,06/03/2019,3,2019,276.24,276.48,281.51,274.39,10.34,-0.12654109,No change
163,05/03/2019,3,2019,276.54,282,284,270.1,18.76,0.108601216,No change
164,04/03/2019,3,2019,285.36,298.12,299,282.78,17.1,3.18941202,Among top gainers
165,01/03/2019,3,2019,294.79,306.94,307.13,291.9,22.91,3.304597701,Among top gainers
166,28/02/2019,2,2019,319.88,318.92,320,310.81,10.52,8.511143526,Bull run
167,27/02/2019,2,2019,314.74,301.78,316.3,300.55,11.18,-1.60685257,Negative
168,26/02/2019,2,2019,297.86,292.22,302.01,288.77,8.58,-5.363156891,Among top losers
169,25/02/2019,2,2019,298.77,297.91,302.9,297,6.63,0.305512657,No change
170,22/02/2019,2,2019,294.71,294.49,296.5,292.1,5.74,-1.358904843,Negative
171,21/02/2019,2,2019,291.23,301.81,303.24,290.5,8.91,-1.180821825,Negative
172,20/02/2019,2,2019,302.56,304.41,306.3,299,7.14,3.890395907,Among top gainers
173,19/02/2019,2,2019,305.64,306.56,311.54,305.47,4.17,1.017979905,Positive
174,15/02/2019,2,2019,307.88,304.5,308,303.9,3.9,0.732888365,Slight positive
175,14/02/2019,2,2019,303.77,303.38,306.77,301,5.2,-1.334935689,Negative
176,13/02/2019,2,2019,308.17,312.35,312.75,305.57,5.14,1.448464299,Positive
177,12/02/2019,2,2019,311.81,316.2,318.19,309.62,5.52,1.181166239,Positive
178,11/02/2019,2,2019,312.84,311.6,318.6,310.5,7.13,0.330329367,No change
179,08/02/2019,2,2019,305.8,306.83,307.44,298.5,5.84,-2.250351617,Negative
180,07/02/2019,2,2019,307.51,313.3,314.7,303,6.52,0.559189012,Slight positive
181,06/02/2019,2,2019,317.22,319.59,324.24,315.62,5.04,3.15762089,Among top gainers
182,05/02/2019,2,2019,321.35,312.49,322.44,312.25,6.74,1.301935565,Positive
183,04/02/2019,2,2019,312.89,312.98,315.3,301.88,7.35,-2.632643535,Negative
184,01/02/2019,2,2019,312.21,305.42,316.1,303.5,7.28,-0.217328774,No change
185,31/01/2019,1,2019,307.02,301,311.56,294,12.57,-1.662342654,Negative
186,30/01/2019,1,2019,308.77,300.45,309,298.49,11.25,0.56999544,Slight positive
187,29/01/2019,1,2019,297.46,295.27,298.56,291.8,4.62,-3.662920621,Among top losers
188,28/01/2019,1,2019,296.38,292.91,297.46,287.75,6.42,-0.363074027,No change
189,25/01/2019,1,2019,297.04,294.39,298.52,289.55,7.26,0.222687091,No change
190,24/01/2019,1,2019,291.51,283.03,293.68,279.28,8.01,-1.861702128,Negative
191,23/01/2019,1,2019,287.59,292.5,294.5,281.69,12.53,-1.344722308,Negative
192,22/01/2019,1,2019,298.92,304.82,308,295.5,12.07,3.939636288,Among top gainers
193,18/01/2019,1,2019,302.26,323,327.13,299.73,24.15,1.117355814,Positive
194,17/01/2019,1,2019,347.31,346.21,351.5,344.15,3.68,14.90438695,Bull run
195,16/01/2019,1,2019,346.05,344.78,352,343.5,4.69,-0.362788287,No change
196,15/01/2019,1,2019,344.43,335,348.8,334.5,6.06,-0.468140442,No change
197,14/01/2019,1,2019,334.4,342.38,342.5,334,5.25,-2.912057602,Negative
198,11/01/2019,1,2019,347.26,342.09,348.41,338.77,5.04,3.84569378,Among top gainers
199,10/01/2019,1,2019,344.97,334.4,345.39,331.79,6.06,-0.659448252,Slight negative
200,09/01/2019,1,2019,338.53,335.5,343.5,331.47,5.43,-1.866829,Negative
201,08/01/2019,1,2019,335.35,341.96,344.01,327.02,7.01,-0.939355449,Slight negative
202,07/01/2019,1,2019,334.96,321.72,336.74,317.75,7.55,-0.116296407,No change
203,04/01/2019,1,2019,317.69,306,318,302.73,7.39,-5.155839503,Among top losers
204,03/01/2019,1,2019,300.36,307,309.4,297.38,6.97,-5.455003305,Among top losers
205,02/01/2019,1,2019,310.12,306.1,315.13,298.8,11.66,3.249434013,Among top gainers
206,31/12/2018,12,2018,332.8,337.79,339.21,325.26,6.3,7.313298078,Bull run
207,28/12/2018,12,2018,333.87,323.1,336.24,318.41,9.94,0.321514423,No change
208,27/12/2018,12,2018,316.13,319.84,322.17,301.5,8.58,-5.313445353,Among top losers
209,26/12/2018,12,2018,326.09,300,326.97,294.09,8.16,3.1506026,Among top gainers
210,24/12/2018,12,2018,295.39,313.5,314.5,295.19,5.56,-9.414578797,Bear drop
211,21/12/2018,12,2018,319.77,317.4,323.47,312.44,8.02,8.253495379,Bull run
212,20/12/2018,12,2018,315.38,327.05,330.29,311.87,9.07,-1.372861744,Negative
213,19/12/2018,12,2018,332.97,337.6,347.01,329.74,8.27,5.577398694,Among top gainers
214,18/12/2018,12,2018,337.03,350.54,351.55,333.69,7.1,1.219329069,Positive
215,17/12/2018,12,2018,348.42,362,365.7,343.88,7.67,3.379521111,Among top gainers
216,14/12/2018,12,2018,365.71,375,377.87,364.33,6.34,4.962401699,Among top gainers
217,13/12/2018,12,2018,376.79,370.15,377.44,366.75,7.37,3.029723005,Among top gainers
218,12/12/2018,12,2018,366.6,369.42,371.91,365.16,5.03,-2.704424215,Negative
219,11/12/2018,12,2018,366.76,369.91,372.17,360.23,6.31,0.043644299,No change
220,10/12/2018,12,2018,365.15,360,365.98,353.12,6.61,-0.438979169,No change
221,07/12/2018,12,2018,357.96,369,379.49,357.65,11.51,-1.969053814,Negative
222,06/12/2018,12,2018,363.06,356.01,367.38,350.76,7.84,1.424740194,Positive
223,04/12/2018,12,2018,359.7,356.05,368.68,352,8.46,-0.925466865,Slight negative
224,03/12/2018,12,2018,358.49,360,366,352,8.31,-0.336391437,No change
225,30/11/2018,11,2018,350.48,341.83,351.6,338.26,5.63,-2.234371949,Negative
226,29/11/2018,11,2018,341.17,347,347.5,339.55,3.08,-2.656356996,Negative
227,28/11/2018,11,2018,347.87,345.99,348.28,342.21,4.13,1.963830349,Positive
228,27/11/2018,11,2018,343.92,340.05,346.96,335.5,6.36,-1.135481645,Negative
229,26/11/2018,11,2018,346,325,346.22,325,7.99,0.604791812,Slight positive
230,23/11/2018,11,2018,325.83,334.35,337.5,325.55,4.2,-5.829479769,Among top losers
231,21/11/2018,11,2018,338.19,352,353.1,337.4,4.69,3.793389191,Among top gainers
232,20/11/2018,11,2018,347.49,341.75,349.8,333.55,8,2.749933469,Positive
233,19/11/2018,11,2018,353.47,356.34,366.75,352.88,9.71,1.720912832,Positive
234,16/11/2018,11,2018,354.31,345.19,355.7,345.12,7.21,0.23764393,No change
235,15/11/2018,11,2018,348.44,342.33,348.58,339.04,4.63,-1.656741272,Negative
236,14/11/2018,11,2018,344,342.7,347.11,337.15,5.04,-1.274250947,Negative
237,13/11/2018,11,2018,338.73,333.16,344.7,332.2,5.45,-1.531976744,Negative
238,12/11/2018,11,2018,331.28,348.37,349.78,330.34,6.94,-2.199391846,Negative
239,09/11/2018,11,2018,350.51,349,354,345.23,5.1,5.804757305,Among top gainers
240,08/11/2018,11,2018,351.4,348.5,357.58,348.44,7.09,0.253915723,No change
241,07/11/2018,11,2018,348.16,343.34,351.18,340.8,7.37,-0.922026181,Slight negative
242,06/11/2018,11,2018,341.06,339.07,348.8,336.09,6.76,-2.039292279,Negative
243,05/11/2018,11,2018,341.4,340.5,343.95,330.14,7.83,0.099689204,No change
244,02/11/2018,11,2018,346.41,343.74,349.2,340.91,7.81,1.467486819,Positive
245,01/11/2018,11,2018,344.28,338.26,347.84,334.73,8,-0.614878323,Slight negative
246,31/10/2018,10,2018,337.32,332.54,342,329.1,7.62,-2.021610317,Negative
247,30/10/2018,10,2018,329.9,328.39,337.9,322.26,9.13,-2.199691687,Negative
248,29/10/2018,10,2018,334.85,337.47,347.16,326.5,14.49,1.500454683,Positive
249,26/10/2018,10,2018,330.9,308.25,339.9,306.65,27.43,-1.179632671,Negative
250,25/10/2018,10,2018,314.86,317.22,321,301.01,20.84,-4.847385917,Among top losers
251,24/10/2018,10,2018,288.5,301.05,304.44,285.73,20.06,-8.371974846,Bear drop
252,23/10/2018,10,2018,294.14,263.87,297.93,262.1,19.03,1.954939341,Positive
253,22/10/2018,10,2018,260.95,260.68,261.86,252.59,5.6,-11.28374244,Bear drop
254,19/10/2018,10,2018,260,267.39,269.66,253.5,9.38,-0.364054417,No change
255,18/10/2018,10,2018,263.91,269.29,271,263,5.42,1.503846154,Positive
256,17/10/2018,10,2018,271.78,282.4,282.7,265.8,8.66,2.982077223,Positive
257,16/10/2018,10,2018,276.59,265.7,277.38,262.24,9.53,1.76981382,Positive
258,15/10/2018,10,2018,259.59,259.06,263.28,254.54,6.2,-6.1462815,Among top losers
259,12/10/2018,10,2018,258.78,261,261.99,252.01,7.2,-0.31203051,No change
260,11/10/2018,10,2018,252.23,257.53,262.25,249.03,8.17,-2.531107504,Negative
261,10/10/2018,10,2018,256.88,264.61,265.51,247.77,12.82,1.843555485,Positive
262,09/10/2018,10,2018,262.8,255.25,266.77,253.3,12.06,2.304578013,Positive
263,08/10/2018,10,2018,250.56,264.52,267.76,249,13.47,-4.657534247,Among top losers
264,05/10/2018,10,2018,261.95,274.65,274.88,260,17.94,4.545817369,Among top gainers
265,04/10/2018,10,2018,281.83,293.95,294,277.67,9.81,7.589234587,Bull run
266,03/10/2018,10,2018,294.8,303.33,304.6,291.57,7.99,4.602065075,Among top gainers
267,02/10/2018,10,2018,301.02,313.95,316.84,299.15,11.74,2.10990502,Positive
268,01/10/2018,10,2018,310.7,305.77,311.44,301.05,21.78,3.215733174,Among top gainers
269,28/09/2018,9,2018,264.77,270.26,278,260.56,33.65,-14.78274863,Bear drop
270,27/09/2018,9,2018,307.52,312.9,314.96,306.91,8.51,16.14608906,Bull run
271,26/09/2018,9,2018,309.58,301.91,313.89,301.11,7.84,0.66987513,Slight positive
272,25/09/2018,9,2018,300.99,300,304.6,296.5,4.48,-2.77472705,Negative
273,24/09/2018,9,2018,299.68,298.48,303,293.58,4.84,-0.435230406,No change
274,21/09/2018,9,2018,299.1,297.7,300.58,295.37,5.05,-0.193539776,No change
275,20/09/2018,9,2018,298.33,303.56,305.98,293.33,7.35,-0.257438984,No change
276,19/09/2018,9,2018,299.02,280.51,300,280.5,8.29,0.2312875,No change
277,18/09/2018,9,2018,284.96,296.69,302.64,275.5,16.55,-4.70202662,Among top losers
278,17/09/2018,9,2018,294.84,290.04,300.87,288.13,6.89,3.467153285,Among top gainers
279,14/09/2018,9,2018,295.2,288.76,297.33,286.52,6.77,0.122100122,No change
280,13/09/2018,9,2018,289.46,288.02,295,285.18,6.34,-1.944444444,Negative
281,12/09/2018,9,2018,290.54,281.44,292.5,278.65,10.02,0.373108547,No change
282,11/09/2018,9,2018,279.44,279.47,282,273.55,9.17,-3.820472224,Among top losers
283,10/09/2018,9,2018,285.5,273.26,286.03,271,14.28,2.16862296,Positive
284,07/09/2018,9,2018,263.24,260.1,268.35,252.25,22.49,-7.796847636,Bear drop
285,06/09/2018,9,2018,280.95,284.8,291.17,278.88,7.48,6.727700957,Among top gainers
286,05/09/2018,9,2018,280.74,285.05,286.78,277.18,7.72,-0.074746396,No change
287,04/09/2018,9,2018,288.95,296.94,298.19,288,8.35,2.924414049,Positive
288,31/08/2018,8,2018,301.66,302,305.31,298.6,5.38,4.398684894,Among top gainers
289,30/08/2018,8,2018,303.15,302.26,304.6,297.72,7.22,0.493933568,No change
290,29/08/2018,8,2018,305.01,310.27,311.85,303.69,7.45,0.613557645,Slight positive
291,28/08/2018,8,2018,311.86,318.41,318.88,311.19,7.65,2.245828006,Positive
292,27/08/2018,8,2018,319.27,318,322.44,308.81,13.08,2.376066184,Positive
293,24/08/2018,8,2018,322.82,320.7,323.85,319.4,3.6,1.111911548,Positive
294,23/08/2018,8,2018,320.1,319.14,327.32,318.1,5.15,-0.842574809,Slight negative
295,22/08/2018,8,2018,321.64,320.87,323.88,314.67,5.95,0.481099656,No change
296,21/08/2018,8,2018,321.9,310.61,324.79,309,13.17,0.080835717,No change
297,20/08/2018,8,2018,308.44,291.7,308.5,288.2,17.4,-4.181422802,Among top losers
298,17/08/2018,8,2018,305.5,323.5,326.77,303.53,18.96,-0.953183763,Slight negative
299,16/08/2018,8,2018,335.45,339.91,342.28,333.82,6.06,9.803600655,Bull run
300,15/08/2018,8,2018,338.69,341.91,344.49,332.14,9.1,0.965866746,Slight positive
301,14/08/2018,8,2018,347.64,358.45,359.2,347.1,6.99,2.642534471,Positive
302,13/08/2018,8,2018,356.41,361.13,363.19,349.02,10.46,2.522724658,Positive
303,10/08/2018,8,2018,355.49,354,360,346,11.55,-0.258129682,No change
304,09/08/2018,8,2018,352.45,365.55,367.01,345.73,17.18,-0.85515767,Slight negative
305,08/08/2018,8,2018,370.34,369.09,382.64,367.12,24.57,5.07589729,Among top gainers
306,07/08/2018,8,2018,379.57,343.84,387.46,339.15,30.88,2.492304369,Positive
307,06/08/2018,8,2018,341.99,345.46,354.98,341.82,8.56,-9.900677082,Bear drop
308,03/08/2018,8,2018,348.17,347.81,355,342.53,13.66,1.807070382,Positive
309,02/08/2018,8,2018,349.54,328.44,349.99,323.16,23.21,0.393485941,No change
310,01/08/2018,8,2018,300.84,297.99,303,293,10.13,-13.93259713,Bear drop
311,31/07/2018,7,2018,298.14,292.25,298.32,289.07,5.08,-0.897487036,Slight negative
312,30/07/2018,7,2018,290.17,295.9,296.1,286.13,6.81,-2.673240759,Negative
313,27/07/2018,7,2018,297.18,307.25,307.69,295.34,5.7,2.415825206,Positive
314,26/07/2018,7,2018,306.65,304.85,310.7,303.64,4.63,3.186620903,Among top gainers
315,25/07/2018,7,2018,308.74,296.74,309.62,294.5,7.09,0.68155878,Slight positive
316,24/07/2018,7,2018,297.43,304.42,307.72,292.55,9.59,-3.663276543,Among top losers
317,23/07/2018,7,2018,303.2,301.84,305.5,292.86,10.99,1.939952258,Positive
318,20/07/2018,7,2018,313.58,321.23,323.24,311.71,5.17,3.42348285,Among top gainers
319,19/07/2018,7,2018,320.23,316.33,323.54,314.01,5.92,2.120670961,Positive
320,18/07/2018,7,2018,323.85,325,325.5,316.25,5.62,1.130437498,Positive
321,17/07/2018,7,2018,322.69,308.81,324.74,308.5,7,-0.35819052,No change
322,16/07/2018,7,2018,310.1,311.71,315.16,306.25,7.82,-3.901577365,Among top losers
323,13/07/2018,7,2018,318.87,315.58,319.58,309.25,5.88,2.828119961,Positive
324,12/07/2018,7,2018,316.71,321.43,323.23,312.77,5.72,-0.677392041,Slight negative
325,11/07/2018,7,2018,318.96,315.8,321.94,315.07,4.88,0.710429099,Slight positive
326,10/07/2018,7,2018,322.47,324.56,327.68,319.2,9.47,1.100451467,Positive
327,09/07/2018,7,2018,318.51,311.99,318.52,308,7.6,-1.228021211,Negative
328,06/07/2018,7,2018,308.9,304.95,312.07,302,8.87,-3.017173715,Among top losers
329,05/07/2018,7,2018,309.16,313.76,314.39,296.22,17.48,0.084169634,No change
330,03/07/2018,7,2018,310.86,331.75,332.49,309.69,12.28,0.549877086,Slight positive
331,02/07/2018,7,2018,335.07,360.07,364.78,329.85,18.76,7.788071801,Bull run
332,29/06/2018,6,2018,342.95,353.33,353.86,342.41,6.49,2.351747396,Positive
333,28/06/2018,6,2018,349.93,348.66,357.02,346.11,8.4,2.035282111,Positive
334,27/06/2018,6,2018,344.5,345,350.79,339.5,8.33,-1.551738919,Negative
335,26/06/2018,6,2018,342,336.05,343.55,325.8,7.45,-0.725689405,Slight negative
336,25/06/2018,6,2018,333.01,330.12,338.47,327.5,6.93,-2.628654971,Negative
337,22/06/2018,6,2018,333.63,351.54,352.25,332,10.27,0.186180595,No change
338,21/06/2018,6,2018,347.51,362,366.21,346.27,7.97,4.160297335,Among top gainers
339,20/06/2018,6,2018,362.22,358.04,364.38,352,8.38,4.232971713,Among top gainers
340,19/06/2018,6,2018,352.55,365.16,370,346.25,12.76,-2.66964828,Negative
341,18/06/2018,6,2018,370.83,355.4,373.73,354.5,12.07,5.18508013,Among top gainers
342,15/06/2018,6,2018,358.17,353.84,364.67,351.25,10.85,-3.413963272,Among top losers
343,14/06/2018,6,2018,357.72,347.63,358.75,346.6,10.98,-0.125638663,No change
344,13/06/2018,6,2018,344.78,346.71,347.2,339.8,9.47,-3.617354355,Among top losers
345,12/06/2018,6,2018,342.77,344.7,354.97,338,22.35,-0.582980451,Slight negative
346,11/06/2018,6,2018,332.1,322.51,334.66,322.5,13.18,-3.112874522,Among top losers
347,08/06/2018,6,2018,317.66,319,324.48,317.15,8.21,-4.348087925,Among top losers
348,07/06/2018,6,2018,316.09,316.15,330,313.58,14.35,-0.494239124,No change
349,06/06/2018,6,2018,319.5,300.5,322.17,297.48,18.77,1.078806669,Positive
350,05/06/2018,6,2018,291.13,297.7,297.8,286.74,6,-8.879499218,Bear drop
351,04/06/2018,6,2018,296.74,294.34,299,293.55,4.8,1.926974204,Positive
352,01/06/2018,6,2018,291.82,285.86,291.95,283.84,5.42,-1.658017119,Negative
353,31/05/2018,5,2018,284.73,287.21,290.37,282.93,5.92,-2.429579878,Negative
354,30/05/2018,5,2018,291.72,283.29,295,281.6,7.49,2.454957328,Positive
355,29/05/2018,5,2018,283.76,278.51,286.5,276.15,5.67,-2.728643905,Negative
356,25/05/2018,5,2018,278.85,277.63,279.64,275.61,3.88,-1.730335495,Negative
357,24/05/2018,5,2018,277.85,278.4,281.11,274.89,4.18,-0.358615743,No change
358,23/05/2018,5,2018,279.07,277.76,279.91,274,5.99,0.439085838,No change
359,22/05/2018,5,2018,275.01,287.76,288,273.42,8.95,-1.454832121,Negative
360,21/05/2018,5,2018,284.49,281.33,291.49,281.3,9.18,3.447147376,Among top gainers
361,18/05/2018,5,2018,276.82,284.65,284.65,274,7.25,-2.696052585,Negative
362,17/05/2018,5,2018,284.54,285.9,289.19,283.97,4.42,2.788815837,Positive
363,16/05/2018,5,2018,286.48,283.83,288.81,281.56,5.67,0.681802207,Slight positive
364,15/05/2018,5,2018,284.18,285.01,286.96,280.5,9.52,-0.802848366,Slight negative
365,14/05/2018,5,2018,291.97,303.32,304.94,291.62,7.29,2.741220353,Positive
366,11/05/2018,5,2018,301.06,307.7,308.88,299.08,4.68,3.113333562,Among top gainers
367,10/05/2018,5,2018,305.02,307.5,312.99,304.11,5.65,1.315352421,Positive
368,09/05/2018,5,2018,306.85,300.41,307.01,300.05,5.73,0.599960658,Slight positive
369,08/05/2018,5,2018,301.97,300.8,307.75,299,5.93,-1.590353593,Negative
370,07/05/2018,5,2018,302.77,297.5,305.96,295.17,8.68,0.26492698,No change
371,04/05/2018,5,2018,294.09,283,296.86,279.52,8.57,-2.866862635,Negative
372,03/05/2018,5,2018,284.45,278.79,288.04,275.23,17.35,-3.277908123,Among top losers
373,02/05/2018,5,2018,301.15,298.57,306.85,297.78,8.97,5.870979082,Among top gainers
374,01/05/2018,5,2018,299.92,293.51,300.82,293.22,4.63,-0.408434335,No change
375,30/04/2018,4,2018,293.9,293.61,298.73,292.5,4.23,-2.007201921,Negative
376,27/04/2018,4,2018,294.07,285.37,294.47,283.83,4.36,0.057842804,No change
377,26/04/2018,4,2018,285.48,278.75,285.79,276.5,4.36,-2.921073214,Negative
378,25/04/2018,4,2018,280.69,283.5,285.16,277.25,4.01,-1.677875858,Negative
379,24/04/2018,4,2018,283.46,285,287.09,278.46,5.69,0.986853825,Slight positive
380,23/04/2018,4,2018,283.37,291.29,291.62,282.33,4.89,-0.031750512,No change
381,20/04/2018,4,2018,290.24,295.17,299.98,289.75,5.63,2.424392137,Positive
382,19/04/2018,4,2018,300.08,291.08,301.01,288.55,6.09,3.390297685,Among top gainers
383,18/04/2018,4,2018,293.35,291.08,300.24,288.16,6.56,-2.242735271,Negative
384,17/04/2018,4,2018,287.69,288.87,292.17,282.51,7,-1.929435828,Negative
385,16/04/2018,4,2018,291.21,299,299.66,289.01,6.34,1.223539226,Positive
386,13/04/2018,4,2018,300.34,303.6,303.95,295.98,7.33,3.135194533,Among top gainers
387,12/04/2018,4,2018,294.08,302.32,303.95,293.68,7.61,-2.084304455,Negative
388,11/04/2018,4,2018,300.93,300.74,308.98,299.66,7.48,2.32929815,Positive
389,10/04/2018,4,2018,304.7,298.97,307.1,293.68,11.02,1.252783039,Positive
390,09/04/2018,4,2018,289.66,300.37,309.5,289.21,10.25,-4.936002626,Among top losers
391,06/04/2018,4,2018,299.3,301,309.28,295.5,13.52,3.328039771,Among top gainers
392,05/04/2018,4,2018,305.72,289.34,306.26,288.2,19.12,2.145005012,Positive
393,04/04/2018,4,2018,286.94,252.78,288.37,252,19.9,-6.142875834,Among top losers
394,03/04/2018,4,2018,267.53,269.82,273.35,254.49,18.84,-6.764480379,Among top losers
395,02/04/2018,4,2018,252.48,256.26,260.33,244.59,16.11,-5.625537323,Among top losers
396,29/03/2018,3,2018,266.13,256.49,270.96,248.21,15.17,5.406368821,Among top gainers
397,28/03/2018,3,2018,257.78,264.58,268.68,252.1,21,-3.137564348,Among top losers
398,27/03/2018,3,2018,279.18,304,304.27,277.18,13.87,8.301652572,Bull run
399,26/03/2018,3,2018,304.18,307.34,307.59,291.36,8.38,8.954796189,Bull run
400,23/03/2018,3,2018,301.54,311.25,311.61,300.45,6.65,-0.86790716,Slight negative
401,22/03/2018,3,2018,309.1,313.89,318.82,308.18,4.94,2.507130066,Positive
402,21/03/2018,3,2018,316.53,310.25,322.44,310.19,5.96,2.403752831,Positive
403,20/03/2018,3,2018,310.55,314.87,316.25,308.76,4.76,-1.889236407,Negative
404,19/03/2018,3,2018,313.56,316.5,320.75,309.67,7.48,0.969248108,Slight positive
405,16/03/2018,3,2018,321.35,325.96,327.4,319.07,6.12,2.484373007,Positive
406,15/03/2018,3,2018,325.6,329.38,332.85,321.1,6.56,1.322545511,Positive
407,14/03/2018,3,2018,326.63,336.76,339.81,323.93,7.97,0.316339066,No change
408,13/03/2018,3,2018,341.84,344.92,345.12,336.26,5.97,4.656645134,Among top gainers
409,12/03/2018,3,2018,345.51,328.61,347.21,326.5,8.26,1.073601685,Positive
410,09/03/2018,3,2018,327.17,324.1,328.49,322.37,5.51,-5.308095279,Among top losers
411,08/03/2018,3,2018,329.1,332.86,333.3,326.27,3.57,0.589907388,Slight positive
412,07/03/2018,3,2018,332.3,325.44,332.5,321.74,5.01,0.97234883,Slight positive
413,06/03/2018,3,2018,328.2,333.75,336.37,327.03,4.29,-1.233824857,Negative
414,05/03/2018,3,2018,333.35,332.39,337.75,329.29,3.82,1.569165143,Positive
415,02/03/2018,3,2018,335.12,326.98,335.22,322.97,5.09,0.530973451,Slight positive
416,01/03/2018,3,2018,330.93,345.01,348.67,330.07,6.89,-1.250298401,Negative
417,28/02/2018,2,2018,343.06,352.57,355.24,342.22,6.07,3.665427734,Among top gainers
418,27/02/2018,2,2018,350.99,356.25,359.99,350.01,4.8,2.311549,Positive
419,26/02/2018,2,2018,357.42,353.5,359,352.36,4.34,1.831961025,Positive
420,23/02/2018,2,2018,352.05,347.83,354.99,347.1,5.82,-1.502434111,Negative
421,22/02/2018,2,2018,346.17,335.53,347.44,334.75,6.97,-1.670217299,Negative
422,21/02/2018,2,2018,333.3,336.03,339.69,333.17,3.22,-3.717826501,Among top losers
423,20/02/2018,2,2018,334.77,334.47,340.84,331.5,4.01,0.441044104,No change
424,16/02/2018,2,2018,335.49,332.5,343.12,331.64,5.64,0.215073035,No change
425,15/02/2018,2,2018,334.06,324.5,334.12,322.4,5.91,-0.426242213,No change
426,14/02/2018,2,2018,322.31,320.84,326.17,318.52,3.95,-3.517332216,Among top losers
427,13/02/2018,2,2018,323.66,315.02,324.19,312.51,4.56,0.418851416,No change
428,12/02/2018,2,2018,315.73,316.13,318.08,306.25,6.23,-2.450101959,Negative
429,09/02/2018,2,2018,310.42,319.93,320.98,294.76,12.93,-1.681816742,Negative
430,08/02/2018,2,2018,315.23,343.31,348.62,314.6,10.31,1.549513562,Positive
431,07/02/2018,2,2018,345,338.99,346,335.66,6.97,9.443898106,Bull run
432,06/02/2018,2,2018,333.97,325.21,336.22,323.5,5.09,-3.197101449,Among top losers
433,05/02/2018,2,2018,333.13,337.97,344.47,333,4.46,-0.251519598,No change
434,02/02/2018,2,2018,343.75,348.44,351.95,340.51,3.7,3.187944646,Among top gainers
435,01/02/2018,2,2018,349.25,351,359.66,348.63,4.2,1.6,Positive
436,31/01/2018,1,2018,354.31,347.51,356.19,345.19,6.21,1.448818898,Positive
437,30/01/2018,1,2018,345.82,345.14,348.27,342.17,4.72,-2.396206712,Negative
438,29/01/2018,1,2018,349.53,339.85,350.85,338.28,4.75,1.072812446,Positive
439,26/01/2018,1,2018,342.85,341.5,344,335.71,4.54,-1.911137814,Negative
440,25/01/2018,1,2018,337.64,348.27,349.2,336.4,6.74,-1.519614992,Negative
441,24/01/2018,1,2018,345.89,354.58,354.75,343.52,5.29,2.443430873,Positive
442,23/01/2018,1,2018,352.79,360,360.5,351,5.47,1.994853855,Positive
443,22/01/2018,1,2018,351.56,349.4,357.83,349.2,6.21,-0.348649338,No change
444,19/01/2018,1,2018,350.02,345,350.59,342.6,4.89,-0.438047559,No change
445,18/01/2018,1,2018,344.57,345.67,352.3,343.74,5.69,-1.557053883,Negative
446,17/01/2018,1,2018,347.16,340.47,349,339.75,7.1,0.751661491,Slight positive
447,16/01/2018,1,2018,340.06,337.54,345,334.8,6.47,-2.045166494,Negative
448,12/01/2018,1,2018,336.22,338.63,340.41,333.67,4.83,-1.129212492,Negative
449,11/01/2018,1,2018,337.95,335.24,344.81,333.26,6.65,0.514544049,Slight positive
450,10/01/2018,1,2018,334.8,332.2,337,330,4.31,-0.932090546,Slight negative
451,09/01/2018,1,2018,333.69,335.16,338.8,327.4,7.15,-0.331541219,No change
452,08/01/2018,1,2018,336.41,316,337.02,315.5,9.86,0.815127813,Slight positive
453,05/01/2018,1,2018,316.58,316.62,317.24,312,4.59,-5.894592907,Among top losers
454,04/01/2018,1,2018,314.62,312.87,318.55,305.68,9.95,-0.619116811,Slight negative
455,03/01/2018,1,2018,317.25,321,325.25,315.55,4.52,0.835929057,Slight positive
456,02/01/2018,1,2018,320.53,312,322.11,311,4.35,1.033884949,Positive
457,29/12/2017,12,2017,311.35,316.18,316.41,310,3.78,-2.864006489,Negative
458,28/12/2017,12,2017,315.36,311.75,315.82,309.54,4.32,1.287939618,Positive
459,27/12/2017,12,2017,311.64,316,317.68,310.75,4.71,-1.179604262,Negative
460,26/12/2017,12,2017,317.29,323.83,323.94,316.58,4.38,1.812989347,Positive
461,22/12/2017,12,2017,325.2,329.51,330.92,324.82,4.22,2.492987488,Positive
462,21/12/2017,12,2017,331.66,329.59,333.74,327.21,4.39,1.986469865,Positive
463,20/12/2017,12,2017,328.98,332.69,333.1,325.04,5.95,-0.808056443,Slight negative
464,19/12/2017,12,2017,331.1,340.26,341.49,330.3,6.82,0.644416074,Slight positive
465,18/12/2017,12,2017,338.87,344.9,346.73,337.58,5.48,2.346723044,Positive
466,15/12/2017,12,2017,343.45,342.04,343.9,335.76,6.93,1.351550742,Positive
467,14/12/2017,12,2017,337.89,341.01,347.44,336.9,5.8,-1.618867375,Negative
468,13/12/2017,12,2017,339.03,340.93,344.22,336.5,6.22,0.337387907,No change
469,12/12/2017,12,2017,341.03,330.45,341.44,330.03,8.73,0.589918296,Slight positive
470,11/12/2017,12,2017,328.91,314.63,329.01,313.75,7.94,-3.553939536,Among top losers
471,08/12/2017,12,2017,315.13,314.6,316.98,311.26,3.47,-4.189595938,Among top losers
472,07/12/2017,12,2017,311.24,312,318.63,311.05,4.78,-1.234411195,Negative
473,06/12/2017,12,2017,313.26,300.1,313.39,300,7.2,0.649016836,Slight positive
474,05/12/2017,12,2017,303.7,302,308,301,4.65,-3.051778076,Among top losers
475,04/12/2017,12,2017,305.2,306.5,308.26,300.61,5.84,0.493908462,No change
476,01/12/2017,12,2017,306.53,305.44,310.32,305.05,4.29,0.435779817,No change
477,30/11/2017,11,2017,308.85,308.56,310.7,304.54,4.35,0.756859035,Slight positive
478,29/11/2017,11,2017,307.54,317.3,318,301.23,8.77,-0.42415412,No change
479,28/11/2017,11,2017,317.55,316.36,320,313.92,4.95,3.254861156,Among top gainers
480,27/11/2017,11,2017,316.81,313.25,317.34,309.51,4.56,-0.233034168,No change
481,24/11/2017,11,2017,315.55,313.79,316.41,311,3.24,-0.397714719,No change
482,22/11/2017,11,2017,312.6,316.77,317.42,311.84,4.92,-0.934875614,Slight negative
483,21/11/2017,11,2017,317.81,310.86,318.23,308.71,7.26,1.666666667,Positive
484,20/11/2017,11,2017,308.74,313.79,315.5,304.75,8.25,-2.853906422,Negative
485,17/11/2017,11,2017,315.05,325.67,326.67,313.15,13.74,2.043790892,Positive
486,16/11/2017,11,2017,312.5,313.99,318.14,311.3,5.82,-0.809395334,Slight negative
487,15/11/2017,11,2017,311.3,306.01,312.49,301.5,5.98,-0.384,No change
488,14/11/2017,11,2017,308.7,315,316.35,306.9,5.68,-0.835207196,Slight negative
489,13/11/2017,11,2017,315.4,300.13,316.8,299.11,7.58,2.170391966,Positive
490,10/11/2017,11,2017,302.99,302.5,308.36,301.85,4.63,-3.934686113,Among top losers
491,09/11/2017,11,2017,302.99,302.5,304.46,296.3,5.45,0,No change
492,08/11/2017,11,2017,304.39,305.5,306.89,301.3,4.73,0.462061454,No change
493,07/11/2017,11,2017,306.05,301.02,306.5,300.03,5.29,0.545353001,Slight positive
494,06/11/2017,11,2017,302.78,307,307.5,299.01,6.49,-1.068452867,Negative
495,03/11/2017,11,2017,306.09,299.5,306.25,295.13,8.89,1.093202986,Positive
496,02/11/2017,11,2017,299.26,300.13,308.69,292.63,19.79,-2.231369859,Negative
497,01/11/2017,11,2017,321.08,332.25,332.61,320.26,8.46,7.291318586,Bull run
498,31/10/2017,10,2017,331.53,320.23,331.95,320.18,5.67,3.254640588,Among top gainers
499,30/10/2017,10,2017,320.08,319.18,323.78,317.25,4.25,-3.453684433,Among top losers
500,27/10/2017,10,2017,320.87,319.75,324.59,316.66,6.98,0.246813297,No change
501,26/10/2017,10,2017,326.17,327.78,330.23,323.2,5.02,1.651759279,Positive
502,25/10/2017,10,2017,325.84,336.7,337.5,323.56,8.59,-0.101174234,No change
